time,group,numsprays,area,numcolonies,avgarea
0.0,B,6,4027.0,19,211.94736842105263
0.0,A,6,0,0,0
0.0,A,0,4648.5,33,140.86363636363637
0.0,B,0,3007.5,24,125.3125
0.0,B,3,2156.5,19,113.5
0.0,A,3,2614.0,23,113.65217391304348
0.0,B,9,373.0,1,373.0
0.0,A,9,4431.5,19,233.23684210526315
1800.0,B,6,3922.5,20,196.125
1800.0,A,6,0,0,0
1800.0,A,0,4137.0,24,172.375
1800.0,B,0,3273.5,24,136.39583333333334
1800.0,B,3,1918.5,15,127.9
1800.0,A,3,2754.5,37,74.44594594594595
1800.0,B,9,0,0,0
1800.0,A,9,4732.5,20,236.625
3602.0,B,6,5061.5,22,230.0681818181818
3602.0,A,6,0,0,0
3602.0,A,0,5149.0,34,151.44117647058823
3602.0,B,0,4268.5,24,177.85416666666666
3602.0,B,3,6143.5,29,211.8448275862069
3602.0,A,3,4589.5,34,134.98529411764707
3602.0,B,9,856.5,1,856.5
3602.0,A,9,5642.5,25,225.7
5403.0,B,6,4334.0,16,270.875
5403.0,A,6,0,0,0
5403.0,A,0,5346.5,31,172.46774193548387
5403.0,B,0,4103.0,24,170.95833333333334
5403.0,B,3,5678.5,28,202.80357142857142
5403.0,A,3,4417.0,28,157.75
5403.0,B,9,0,0,0
5403.0,A,9,5971.5,28,213.26785714285714
7205.0,B,6,4429.5,21,210.92857142857142
7205.0,A,6,0,0,0
7205.0,A,0,4940.0,26,190.0
7205.0,B,0,4258.0,24,177.41666666666666
7205.0,B,3,5874.0,36,163.16666666666666
7205.0,A,3,3891.5,27,144.12962962962962
7205.0,B,9,0,0,0
7205.0,A,9,5512.0,28,196.85714285714286
9007.0,B,6,4299.0,20,214.95
9007.0,A,6,0,0,0
9007.0,A,0,4981.0,34,146.5
9007.0,B,0,4144.5,27,153.5
9007.0,B,3,5809.0,31,187.38709677419354
9007.0,A,3,4114.5,30,137.15
9007.0,B,9,0,0,0
9007.0,A,9,5951.5,29,205.22413793103448
10808.0,B,6,4152.5,14,296.60714285714283
10808.0,A,6,0,0,0
10808.0,A,0,4963.0,34,145.97058823529412
10808.0,B,0,4111.0,24,171.29166666666666
10808.0,B,3,5135.5,24,213.97916666666666
10808.0,A,3,3978.0,28,142.07142857142858
10808.0,B,9,0,0,0
10808.0,A,9,5344.5,27,197.94444444444446
12609.0,B,6,4453.5,17,261.97058823529414
12609.0,A,6,0,0,0
12609.0,A,0,5493.0,29,189.41379310344828
12609.0,B,0,4099.0,25,163.96
12609.0,B,3,5814.0,26,223.6153846153846
12609.0,A,3,4000.0,29,137.93103448275863
12609.0,B,9,203.0,1,203.0
12609.0,A,9,5685.0,27,210.55555555555554
14411.0,B,6,4688.0,22,213.0909090909091
14411.0,A,6,0,0,0
14411.0,A,0,5086.0,38,133.8421052631579
14411.0,B,0,3982.5,22,181.02272727272728
14411.0,B,3,5201.5,28,185.76785714285714
14411.0,A,3,3764.5,27,139.42592592592592
14411.0,B,9,0,0,0
14411.0,A,9,5485.5,27,203.16666666666666
16213.0,B,6,4059.5,20,202.975
16213.0,A,6,0,0,0
16213.0,A,0,5146.5,30,171.55
16213.0,B,0,3929.5,21,187.11904761904762
16213.0,B,3,4676.5,30,155.88333333333333
16213.0,A,3,4460.5,35,127.44285714285714
16213.0,B,9,0,0,0
16213.0,A,9,5166.0,22,234.8181818181818
18015.0,B,6,4638.0,22,210.8181818181818
18015.0,A,6,0,0,0
18015.0,A,0,6113.0,29,210.79310344827587
18015.0,B,0,4105.0,23,178.47826086956522
18015.0,B,3,5032.0,27,186.37037037037038
18015.0,A,3,5754.0,27,213.11111111111111
18015.0,B,9,0,0,0
18015.0,A,9,5373.0,29,185.27586206896552
19816.0,B,6,4634.0,20,231.7
19816.0,A,6,0,0,0
19816.0,A,0,5688.5,29,196.1551724137931
19816.0,B,0,4468.0,23,194.2608695652174
19816.0,B,3,5182.5,33,157.04545454545453
19816.0,A,3,5540.0,26,213.07692307692307
19816.0,B,9,0,0,0
19816.0,A,9,5346.5,29,184.36206896551724
21618.0,B,6,4749.5,25,189.98
21618.0,A,6,0,0,0
21618.0,A,0,5473.5,36,152.04166666666666
21618.0,B,0,4093.0,25,163.72
21618.0,B,3,4355.0,26,167.5
21618.0,A,3,5360.0,23,233.04347826086956
21618.0,B,9,0,0,0
21618.0,A,9,5628.0,32,175.875
23420.0,B,6,4463.0,20,223.15
23420.0,A,6,0,0,0
23420.0,A,0,5906.0,33,178.96969696969697
23420.0,B,0,3540.5,20,177.025
23420.0,B,3,4856.0,27,179.85185185185185
23420.0,A,3,3460.0,28,123.57142857142857
23420.0,B,9,0,0,0
23420.0,A,9,5816.5,36,161.56944444444446
25222.0,B,6,4456.5,24,185.6875
25222.0,A,6,0,0,0
25222.0,A,0,5644.0,31,182.06451612903226
25222.0,B,0,3943.0,25,157.72
25222.0,B,3,4699.5,21,223.78571428571428
25222.0,A,3,5912.0,23,257.04347826086956
25222.0,B,9,650.5,2,325.25
25222.0,A,9,5468.0,29,188.55172413793105
27024.0,B,6,4761.0,26,183.1153846153846
27024.0,A,6,0,0,0
27024.0,A,0,5109.5,30,170.31666666666666
27024.0,B,0,4280.5,26,164.6346153846154
27024.0,B,3,4276.5,29,147.4655172413793
27024.0,A,3,4231.0,33,128.21212121212122
27024.0,B,9,243.5,1,243.5
27024.0,A,9,5030.5,23,218.7173913043478
28826.0,B,6,4985.0,21,237.38095238095238
28826.0,A,6,0,0,0
28826.0,A,0,5772.5,28,206.16071428571428
28826.0,B,0,4236.0,24,176.5
28826.0,B,3,4371.0,28,156.10714285714286
28826.0,A,3,5742.0,23,249.65217391304347
28826.0,B,9,0,0,0
28826.0,A,9,5195.5,24,216.47916666666666
30628.0,B,6,4291.5,23,186.58695652173913
30628.0,A,6,0,0,0
30628.0,A,0,5180.5,27,191.87037037037038
30628.0,B,0,3583.5,21,170.64285714285714
30628.0,B,3,4122.5,28,147.23214285714286
30628.0,A,3,3467.0,28,123.82142857142857
30628.0,B,9,0,0,0
30628.0,A,9,4736.0,29,163.31034482758622
32429.0,B,6,4040.0,24,168.33333333333334
32429.0,A,6,0,0,0
32429.0,A,0,5648.5,31,182.20967741935485
32429.0,B,0,3596.0,21,171.23809523809524
32429.0,B,3,3419.5,23,148.67391304347825
32429.0,A,3,5436.5,26,209.09615384615384
32429.0,B,9,0,0,0
32429.0,A,9,5055.0,26,194.42307692307693
34231.0,B,6,3756.5,21,178.88095238095238
34231.0,A,6,0,0,0
34231.0,A,0,4852.5,29,167.32758620689654
34231.0,B,0,3580.0,20,179.0
34231.0,B,3,3187.5,22,144.88636363636363
34231.0,A,3,3227.0,29,111.27586206896552
34231.0,B,9,0,0,0
34231.0,A,9,4421.0,30,147.36666666666667
36033.0,B,6,3657.5,18,203.19444444444446
36033.0,A,6,0,0,0
36033.0,A,0,4609.0,26,177.26923076923077
36033.0,B,0,3750.5,17,220.61764705882354
36033.0,B,3,3007.5,18,167.08333333333334
36033.0,A,3,3862.5,26,148.55769230769232
36033.0,B,9,0,0,0
36033.0,A,9,4362.0,25,174.48
37834.0,B,6,4155.5,24,173.14583333333334
37834.0,A,6,0,0,0
37834.0,A,0,5476.0,32,171.125
37834.0,B,0,3769.0,24,157.04166666666666
37834.0,B,3,2815.5,19,148.18421052631578
37834.0,A,3,5136.5,26,197.55769230769232
37834.0,B,9,0,0,0
37834.0,A,9,4635.0,21,220.71428571428572
81856.0,B,6,4151.5,19,218.5
81856.0,A,6,0,0,0
81856.0,A,0,4845.0,24,201.875
81856.0,B,0,3723.5,23,161.8913043478261
81856.0,B,3,3432.5,24,143.02083333333334
81856.0,A,3,3648.0,26,140.30769230769232
81856.0,B,9,638.5,1,638.5
81856.0,A,9,3957.5,17,232.7941176470588
83658.0,B,6,3690.5,20,184.525
83658.0,A,6,0,0,0
83658.0,A,0,4502.5,35,128.64285714285714
83658.0,B,0,3793.5,24,158.0625
83658.0,B,3,3863.0,26,148.57692307692307
83658.0,A,3,3305.0,30,110.16666666666667
83658.0,B,9,0,0,0
83658.0,A,9,3697.5,23,160.7608695652174
85460.0,B,6,3846.5,18,213.69444444444446
85460.0,A,6,0,0,0
85460.0,A,0,4841.5,29,166.94827586206895
85460.0,B,0,3707.0,22,168.5
85460.0,B,3,3666.0,26,141.0
85460.0,A,3,3675.5,27,136.12962962962962
85460.0,B,9,226.0,1,226.0
85460.0,A,9,3784.0,22,172.0
87262.0,B,6,3890.0,19,204.73684210526315
87262.0,A,6,0,0,0
87262.0,A,0,4640.5,28,165.73214285714286
87262.0,B,0,3234.5,17,190.26470588235293
87262.0,B,3,3850.5,30,128.35
87262.0,A,3,3361.5,25,134.46
87262.0,B,9,639.0,1,639.0
87262.0,A,9,3744.0,21,178.28571428571428
89064.0,B,6,3755.5,22,170.70454545454547
89064.0,A,6,0,0,0
89064.0,A,0,5014.0,29,172.89655172413794
89064.0,B,0,4134.0,22,187.9090909090909
89064.0,B,3,3765.5,24,156.89583333333334
89064.0,A,3,3256.5,29,112.29310344827586
89064.0,B,9,268.5,1,268.5
89064.0,A,9,3556.5,21,169.35714285714286
90867.0,B,6,4152.5,19,218.55263157894737
90867.0,A,6,0,0,0
90867.0,A,0,4442.5,27,164.53703703703704
90867.0,B,0,4009.0,21,190.9047619047619
90867.0,B,3,3715.5,25,148.62
90867.0,A,3,3241.0,28,115.75
90867.0,B,9,430.5,1,430.5
90867.0,A,9,3374.5,15,224.96666666666667
92669.0,B,6,4723.5,22,214.70454545454547
92669.0,A,6,0,0,0
92669.0,A,0,5325.0,31,171.7741935483871
92669.0,B,0,4015.0,17,236.1764705882353
92669.0,B,3,3877.5,26,149.1346153846154
92669.0,A,3,4091.5,31,131.98387096774192
92669.0,B,9,1155.5,1,1155.5
92669.0,A,9,4098.5,21,195.16666666666666
94471.0,B,6,4435.0,15,295.6666666666667
94471.0,A,6,0,0,0
94471.0,A,0,5417.5,28,193.48214285714286
94471.0,B,0,4062.5,19,213.81578947368422
94471.0,B,3,4369.0,24,182.04166666666666
94471.0,A,3,4406.5,27,163.2037037037037
94471.0,B,9,1144.0,1,1144.0
94471.0,A,9,4568.0,22,207.63636363636363
96273.0,B,6,4564.0,22,207.45454545454547
96273.0,A,6,0,0,0
96273.0,A,0,5402.5,32,168.828125
96273.0,B,0,4245.0,15,283.0
96273.0,B,3,4094.5,27,151.64814814814815
96273.0,A,3,4452.0,32,139.125
96273.0,B,9,1433.0,2,716.5
96273.0,A,9,4592.0,24,191.33333333333334
98075.0,B,6,3982.5,22,181.02272727272728
98075.0,A,6,0,0,0
98075.0,A,0,4564.0,23,198.43478260869566
98075.0,B,0,4064.0,17,239.05882352941177
98075.0,B,3,3544.0,27,131.25925925925927
98075.0,A,3,3479.5,26,133.82692307692307
98075.0,B,9,0,0,0
98075.0,A,9,3842.0,22,174.63636363636363
99877.0,B,6,3651.5,18,202.86111111111111
99877.0,A,6,0,0,0
99877.0,A,0,4410.0,27,163.33333333333334
99877.0,B,0,3817.5,22,173.52272727272728
99877.0,B,3,3892.5,25,155.7
99877.0,A,3,2994.5,29,103.25862068965517
99877.0,B,9,672.5,1,672.5
99877.0,A,9,3424.5,17,201.44117647058823
101679.0,B,6,3889.0,19,204.68421052631578
101679.0,A,6,0,0,0
101679.0,A,0,4511.0,25,180.44
101679.0,B,0,4032.0,28,144.0
101679.0,B,3,3842.0,26,147.76923076923077
101679.0,A,3,3250.5,32,101.578125
101679.0,B,9,0,0,0
101679.0,A,9,3599.5,23,156.5
103485.0,B,6,3825.0,19,201.31578947368422
103485.0,A,6,0,0,0
103485.0,A,0,4860.0,31,156.7741935483871
103485.0,B,0,3993.0,20,199.65
103485.0,B,3,3811.0,24,158.79166666666666
103485.0,A,3,3287.0,26,126.42307692307692
103485.0,B,9,0,0,0
103485.0,A,9,3783.5,19,199.1315789473684
105287.0,B,6,4644.5,22,211.11363636363637
105287.0,A,6,0,0,0
105287.0,A,0,5910.5,28,211.08928571428572
105287.0,B,0,4077.5,23,177.2826086956522
105287.0,B,3,3952.0,23,171.82608695652175
105287.0,A,3,3672.5,29,126.63793103448276
105287.0,B,9,404.5,1,404.5
105287.0,A,9,4220.5,26,162.32692307692307
107089.0,B,6,4644.0,23,201.91304347826087
107089.0,A,6,0,0,0
107089.0,A,0,5472.0,31,176.51612903225808
107089.0,B,0,3696.0,23,160.69565217391303
107089.0,B,3,3966.5,23,172.45652173913044
107089.0,A,3,3871.5,28,138.26785714285714
107089.0,B,9,1484.5,1,1484.5
107089.0,A,9,4313.5,23,187.54347826086956
108891.0,B,6,4387.0,17,258.05882352941177
108891.0,A,6,0,0,0
108891.0,A,0,5876.5,31,189.56451612903226
108891.0,B,0,3833.0,24,159.70833333333334
108891.0,B,3,4263.5,30,142.11666666666667
108891.0,A,3,4273.0,35,122.08571428571429
108891.0,B,9,0,0,0
108891.0,A,9,4959.5,25,198.38
110694.0,B,6,4680.0,19,246.31578947368422
110694.0,A,6,0,0,0
110694.0,A,0,5292.0,31,170.70967741935485
110694.0,B,0,4165.0,20,208.25
110694.0,B,3,4000.0,22,181.8181818181818
110694.0,A,3,3955.5,30,131.85
110694.0,B,9,0,0,0
110694.0,A,9,4756.5,26,182.94230769230768
112496.0,B,6,4728.0,22,214.9090909090909
112496.0,A,6,0,0,0
112496.0,A,0,5655.0,35,161.57142857142858
112496.0,B,0,4244.5,26,163.25
112496.0,B,3,4247.5,29,146.4655172413793
112496.0,A,3,3991.0,31,128.74193548387098
112496.0,B,9,0,0,0
112496.0,A,9,4552.0,34,133.88235294117646
114298.0,B,6,4391.0,19,231.10526315789474
114298.0,A,6,0,0,0
114298.0,A,0,5995.5,36,166.54166666666666
114298.0,B,0,3947.0,26,151.80769230769232
114298.0,B,3,4095.5,24,170.64583333333334
114298.0,A,3,4307.0,33,130.5151515151515
114298.0,B,9,0,0,0
114298.0,A,9,4870.5,27,180.38888888888889
116100.0,B,6,4771.5,21,227.21428571428572
116100.0,A,6,0,0,0
116100.0,A,0,6558.0,37,177.24324324324326
116100.0,B,0,4478.5,26,172.25
116100.0,B,3,3878.0,34,114.05882352941177
116100.0,A,3,3582.5,27,132.6851851851852
116100.0,B,9,584.0,1,584.0
116100.0,A,9,4216.0,28,150.57142857142858
117903.0,B,6,4750.0,20,237.5
117903.0,A,6,0,0,0
117903.0,A,0,6614.0,36,183.72222222222223
117903.0,B,0,4488.0,27,166.22222222222223
117903.0,B,3,4530.5,25,181.22
117903.0,A,3,4099.5,32,128.109375
117903.0,B,9,0,0,0
117903.0,A,9,4326.0,26,166.3846153846154
119705.0,B,6,4378.0,19,230.42105263157896
119705.0,A,6,0,0,0
119705.0,A,0,6398.5,43,148.80232558139534
119705.0,B,0,3817.0,24,159.04166666666666
119705.0,B,3,3949.0,26,151.8846153846154
119705.0,A,3,3868.0,27,143.25925925925927
119705.0,B,9,0,0,0
119705.0,A,9,4493.0,29,154.93103448275863
121507.0,B,6,4039.0,23,175.6086956521739
121507.0,A,6,0,0,0
121507.0,A,0,6370.0,35,182.0
121507.0,B,0,4416.5,20,220.825
121507.0,B,3,4186.5,26,161.01923076923077
121507.0,A,3,4358.5,32,136.203125
121507.0,B,9,1015.0,1,1015.0
121507.0,A,9,4285.5,22,194.79545454545453
123309.0,B,6,4653.0,24,193.875
123309.0,A,6,0,0,0
123309.0,A,0,6666.0,36,185.16666666666666
123309.0,B,0,3908.5,24,162.85416666666666
123309.0,B,3,4051.0,24,168.79166666666666
123309.0,A,3,3980.0,27,147.40740740740742
123309.0,B,9,741.5,1,741.5
123309.0,A,9,4514.0,29,155.6551724137931
125111.0,B,6,4611.0,22,209.5909090909091
125111.0,A,6,0,0,0
125111.0,A,0,6754.0,42,160.8095238095238
125111.0,B,0,4376.5,24,182.35416666666666
125111.0,B,3,3634.0,29,125.3103448275862
125111.0,A,3,4303.5,34,126.57352941176471
125111.0,B,9,260.0,1,260.0
125111.0,A,9,4299.0,24,179.125
126913.0,B,6,4681.0,24,195.04166666666666
126913.0,A,6,0,0,0
126913.0,A,0,6824.5,44,155.10227272727272
126913.0,B,0,4322.5,30,144.08333333333334
126913.0,B,3,3778.5,27,139.94444444444446
126913.0,A,3,3802.5,29,131.1206896551724
126913.0,B,9,659.0,1,659.0
126913.0,A,9,4603.0,29,158.72413793103448
128716.0,B,6,4077.0,17,239.8235294117647
128716.0,A,6,0,0,0
128716.0,A,0,6131.5,44,139.35227272727272
128716.0,B,0,4226.5,24,176.10416666666666
128716.0,B,3,3611.5,29,124.53448275862068
128716.0,A,3,3682.5,35,105.21428571428571
128716.0,B,9,0,0,0
128716.0,A,9,4307.5,25,172.3
130520.0,B,6,4204.0,17,247.2941176470588
130520.0,A,6,0,0,0
130520.0,A,0,6201.0,37,167.59459459459458
130520.0,B,0,4537.5,27,168.05555555555554
130520.0,B,3,3258.5,24,135.77083333333334
130520.0,A,3,4195.5,38,110.40789473684211
130520.0,B,9,753.5,2,376.75
130520.0,A,9,3990.5,21,190.02380952380952
132322.0,B,6,3958.0,19,208.31578947368422
132322.0,A,6,0,0,0
132322.0,A,0,5463.0,37,147.64864864864865
132322.0,B,0,4114.5,22,187.02272727272728
132322.0,B,3,2796.5,24,116.52083333333333
132322.0,A,3,4229.5,34,124.3970588235294
132322.0,B,9,0,0,0
132322.0,A,9,4025.5,22,182.97727272727272
134124.0,B,6,3977.5,16,248.59375
134124.0,A,6,0,0,0
134124.0,A,0,5794.0,42,137.95238095238096
134124.0,B,0,4273.0,26,164.34615384615384
134124.0,B,3,3247.5,27,120.27777777777777
134124.0,A,3,3927.0,37,106.13513513513513
134124.0,B,9,0,0,0
134124.0,A,9,3623.0,26,139.34615384615384
135926.0,B,6,4378.5,23,190.3695652173913
135926.0,A,6,0,0,0
135926.0,A,0,6240.5,35,178.3
135926.0,B,0,4420.5,26,170.01923076923077
135926.0,B,3,2700.5,23,117.41304347826087
135926.0,A,3,4324.0,34,127.17647058823529
135926.0,B,9,0,0,0
135926.0,A,9,4105.5,20,205.275
137729.0,B,6,4267.5,24,177.8125
137729.0,A,6,0,0,0
137729.0,A,0,5949.0,45,132.2
137729.0,B,0,4207.0,26,161.80769230769232
137729.0,B,3,2888.5,22,131.29545454545453
137729.0,A,3,3421.0,33,103.66666666666667
137729.0,B,9,0,0,0
137729.0,A,9,4598.5,23,199.93478260869566
139531.0,B,6,4050.0,17,238.23529411764707
139531.0,A,6,0,0,0
139531.0,A,0,6059.5,37,163.77027027027026
139531.0,B,0,4080.5,29,140.70689655172413
139531.0,B,3,2899.0,25,115.96
139531.0,A,3,3488.5,31,112.53225806451613
139531.0,B,9,0,0,0
139531.0,A,9,4266.0,27,158.0
141333.0,B,6,4371.0,25,174.84
141333.0,A,6,0,0,0
141333.0,A,0,6438.0,42,153.28571428571428
141333.0,B,0,4124.5,32,128.890625
141333.0,B,3,2640.5,20,132.025
141333.0,A,3,4096.0,30,136.53333333333333
141333.0,B,9,0,0,0
141333.0,A,9,4476.0,31,144.38709677419354
143135.0,B,6,4406.5,19,231.92105263157896
143135.0,A,6,0,0,0
143135.0,A,0,6269.5,44,142.48863636363637
143135.0,B,0,3907.5,26,150.28846153846155
143135.0,B,3,3166.0,23,137.65217391304347
143135.0,A,3,3975.0,27,147.22222222222223
143135.0,B,9,0,0,0
143135.0,A,9,4280.0,29,147.58620689655172
144937.0,B,6,4465.0,20,223.25
144937.0,A,6,0,0,0
144937.0,A,0,6540.5,29,225.5344827586207
144937.0,B,0,4445.5,35,127.01428571428572
144937.0,B,3,2760.0,23,120.0
144937.0,A,3,3855.0,37,104.1891891891892
144937.0,B,9,0,0,0
144937.0,A,9,4651.5,27,172.27777777777777
146739.0,B,6,4600.5,21,219.07142857142858
146739.0,A,6,0,0,0
146739.0,A,0,7032.5,45,156.27777777777777
146739.0,B,0,4372.5,31,141.0483870967742
146739.0,B,3,2858.5,17,168.14705882352942
146739.0,A,3,4422.0,48,92.125
146739.0,B,9,0,0,0
146739.0,A,9,4464.0,27,165.33333333333334
148542.0,B,6,4491.0,19,236.3684210526316
148542.0,A,6,0,0,0
148542.0,A,0,8343.0,43,194.02325581395348
148542.0,B,0,4663.5,26,179.3653846153846
148542.0,B,3,3713.0,25,148.52
148542.0,A,3,6669.0,40,166.725
148542.0,B,9,0,0,0
148542.0,A,9,4444.5,27,164.61111111111111
150344.0,B,6,4766.0,19,250.8421052631579
150344.0,A,6,0,0,0
150344.0,A,0,8741.5,48,182.11458333333334
150344.0,B,0,4887.0,34,143.73529411764707
150344.0,B,3,3726.5,28,133.08928571428572
150344.0,A,3,5218.5,38,137.32894736842104
150344.0,B,9,1195.5,1,1195.5
150344.0,A,9,4018.0,23,174.69565217391303
152146.0,B,6,4665.5,26,179.44230769230768
152146.0,A,6,0,0,0
152146.0,A,0,8186.0,47,174.17021276595744
152146.0,B,0,4995.0,45,111.0
152146.0,B,3,3788.5,29,130.63793103448276
152146.0,A,3,4282.5,41,104.45121951219512
152146.0,B,9,355.0,1,355.0
152146.0,A,9,4243.5,26,163.21153846153845
153948.0,B,6,4453.0,18,247.38888888888889
153948.0,A,6,0,0,0
153948.0,A,0,9925.5,47,211.18085106382978
153948.0,B,0,5039.0,38,132.60526315789474
153948.0,B,3,4343.0,24,180.95833333333334
153948.0,A,3,4557.0,52,87.63461538461539
153948.0,B,9,0,0,0
153948.0,A,9,3709.0,22,168.5909090909091
155750.0,B,6,4692.0,21,223.42857142857142
155750.0,A,6,0,0,0
155750.0,A,0,9229.0,44,209.75
155750.0,B,0,4845.5,38,127.51315789473684
155750.0,B,3,4268.0,28,152.42857142857142
155750.0,A,3,4502.5,48,93.80208333333333
155750.0,B,9,863.5,1,863.5
155750.0,A,9,4494.5,28,160.51785714285714
157552.0,B,6,4187.0,18,232.61111111111111
157552.0,A,6,0,0,0
157552.0,A,0,9754.5,44,221.6931818181818
157552.0,B,0,4875.5,32,152.359375
157552.0,B,3,4285.0,23,186.30434782608697
157552.0,A,3,6707.0,52,128.98076923076923
157552.0,B,9,0,0,0
157552.0,A,9,5073.5,31,163.66129032258064
159355.0,B,6,3866.0,16,241.625
159355.0,A,6,0,0,0
159355.0,A,0,8558.5,45,190.1888888888889
159355.0,B,0,4197.5,35,119.92857142857143
159355.0,B,3,3519.5,25,140.78
159355.0,A,3,4121.0,38,108.44736842105263
159355.0,B,9,347.0,1,347.0
159355.0,A,9,2932.5,17,172.5
161157.0,B,6,3288.5,17,193.44117647058823
161157.0,A,6,0,0,0
161157.0,A,0,7982.5,48,166.30208333333334
161157.0,B,0,4326.0,29,149.17241379310346
161157.0,B,3,3698.5,25,147.94
161157.0,A,3,4143.5,50,82.87
161157.0,B,9,0,0,0
161157.0,A,9,2986.5,19,157.18421052631578
162959.0,B,6,3434.0,19,180.73684210526315
162959.0,A,6,0,0,0
162959.0,A,0,8497.5,40,212.4375
162959.0,B,0,4359.0,35,124.54285714285714
162959.0,B,3,3652.5,27,135.27777777777777
162959.0,A,3,4503.5,46,97.90217391304348
162959.0,B,9,340.0,1,340.0
162959.0,A,9,3025.0,17,177.94117647058823
164761.0,B,6,3434.5,15,228.96666666666667
164761.0,A,6,0,0,0
164761.0,A,0,8553.5,40,213.8375
164761.0,B,0,4511.0,33,136.6969696969697
164761.0,B,3,3802.0,34,111.82352941176471
164761.0,A,3,3440.5,47,73.20212765957447
164761.0,B,9,0,0,0
164761.0,A,9,2863.0,20,143.15
166563.0,B,6,3636.5,19,191.39473684210526
166563.0,A,6,0,0,0
166563.0,A,0,8437.5,40,210.9375
166563.0,B,0,4468.5,34,131.4264705882353
166563.0,B,3,3518.5,22,159.9318181818182
166563.0,A,3,4243.5,48,88.40625
166563.0,B,9,0,0,0
166563.0,A,9,2887.5,19,151.97368421052633
168365.0,B,6,4467.0,17,262.7647058823529
168365.0,A,6,0,0,0
168365.0,A,0,10061.5,41,245.40243902439025
168365.0,B,0,5264.5,38,138.53947368421052
168365.0,B,3,4455.0,29,153.6206896551724
168365.0,A,3,7891.5,60,131.525
168365.0,B,9,610.5,1,610.5
168365.0,A,9,4470.5,27,165.57407407407408
170167.0,B,6,4514.5,14,322.4642857142857
170167.0,A,6,0,0,0
170167.0,A,0,9975.5,47,212.24468085106383
170167.0,B,0,5737.0,36,159.36111111111111
170167.0,B,3,3994.5,28,142.66071428571428
170167.0,A,3,8204.0,58,141.44827586206895
170167.0,B,9,0,0,0
170167.0,A,9,4376.0,25,175.04
171970.0,B,6,3980.5,22,180.9318181818182
171970.0,A,6,0,0,0
171970.0,A,0,9003.5,39,230.85897435897436
171970.0,B,0,4776.0,40,119.4
171970.0,B,3,3670.5,24,152.9375
171970.0,A,3,4319.0,57,75.7719298245614
171970.0,B,9,367.5,1,367.5
171970.0,A,9,3685.0,22,167.5
173772.0,B,6,3717.5,15,247.83333333333334
173772.0,A,6,0,0,0
173772.0,A,0,3259.5,7,465.64285714285717
173772.0,B,0,2875.0,4,718.75
173772.0,B,3,3479.5,28,124.26785714285714
173772.0,A,3,3857.5,47,82.07446808510639
173772.0,B,9,0,0,0
173772.0,A,9,2946.0,23,128.08695652173913
175574.0,B,6,3534.5,25,141.38
175574.0,A,6,0,0,0
175574.0,A,0,1991.5,4,497.875
175574.0,B,0,3987.0,7,569.5714285714286
175574.0,B,3,3641.5,29,125.56896551724138
175574.0,A,3,4238.5,48,88.30208333333333
175574.0,B,9,0,0,0
175574.0,A,9,3454.0,20,172.7
177376.0,B,6,3504.0,17,206.11764705882354
177376.0,A,6,0,0,0
177376.0,A,0,3066.0,7,438.0
177376.0,B,0,2753.5,7,393.35714285714283
177376.0,B,3,3827.0,26,147.19230769230768
177376.0,A,3,4576.0,58,78.89655172413794
177376.0,B,9,0,0,0
177376.0,A,9,3254.5,19,171.28947368421052
179180.0,B,6,3659.5,21,174.26190476190476
179180.0,A,6,0,0,0
179180.0,A,0,3217.5,6,536.25
179180.0,B,0,3333.0,6,555.5
179180.0,B,3,3769.5,26,144.98076923076923
179180.0,A,3,4447.0,54,82.35185185185185
179180.0,B,9,0,0,0
179180.0,A,9,2873.5,20,143.675
180983.0,B,6,3568.0,22,162.1818181818182
180983.0,A,6,0,0,0
180983.0,A,0,5886.0,9,654.0
180983.0,B,0,4534.5,9,503.8333333333333
180983.0,B,3,4276.0,38,112.52631578947368
180983.0,A,3,4000.5,55,72.73636363636363
180983.0,B,9,0,0,0
180983.0,A,9,3235.0,18,179.72222222222223
182785.0,B,6,3701.0,22,168.22727272727272
182785.0,A,6,0,0,0
182785.0,A,0,4678.5,7,668.3571428571429
182785.0,B,0,5432.5,7,776.0714285714286
182785.0,B,3,4305.5,32,134.546875
182785.0,A,3,4495.5,63,71.35714285714286
182785.0,B,9,0,0,0
182785.0,A,9,3084.0,25,123.36
184587.0,B,6,3902.0,22,177.36363636363637
184587.0,A,6,0,0,0
184587.0,A,0,5162.5,8,645.3125
184587.0,B,0,4570.0,8,571.25
184587.0,B,3,4106.5,38,108.0657894736842
184587.0,A,3,4749.0,57,83.3157894736842
184587.0,B,9,0,0,0
184587.0,A,9,3550.0,24,147.91666666666666
186390.0,B,6,3928.0,19,206.73684210526315
186390.0,A,6,0,0,0
186390.0,A,0,7216.5,11,656.0454545454545
186390.0,B,0,6566.5,8,820.8125
186390.0,B,3,4349.5,34,127.92647058823529
186390.0,A,3,4611.5,55,83.84545454545454
186390.0,B,9,0,0,0
186390.0,A,9,3442.0,22,156.45454545454547
188192.0,B,6,3614.5,15,240.96666666666667
188192.0,A,6,0,0,0
188192.0,A,0,7518.5,8,939.8125
188192.0,B,0,6819.0,11,619.9090909090909
188192.0,B,3,4434.5,36,123.18055555555556
188192.0,A,3,5164.5,57,90.60526315789474
188192.0,B,9,0,0,0
188192.0,A,9,3816.0,21,181.71428571428572
189994.0,B,6,3828.0,19,201.47368421052633
189994.0,A,6,0,0,0
189994.0,A,0,8366.0,8,1045.75
189994.0,B,0,7872.0,8,984.0
189994.0,B,3,4818.0,42,114.71428571428571
189994.0,A,3,4175.5,55,75.91818181818182
189994.0,B,9,0,0,0
189994.0,A,9,3039.0,16,189.9375
191796.0,B,6,5231.0,26,201.19230769230768
191796.0,A,6,0,0,0
191796.0,A,0,4188.0,8,523.5
191796.0,B,0,2928.5,3,976.1666666666666
191796.0,B,3,5412.5,52,104.08653846153847
191796.0,A,3,6335.5,71,89.23239436619718
191796.0,B,9,0,0,0
191796.0,A,9,4675.0,19,246.05263157894737
193598.0,B,6,5366.5,24,223.60416666666666
193598.0,A,6,0,0,0
193598.0,A,0,4753.5,11,432.1363636363636
193598.0,B,0,6100.5,8,762.5625
193598.0,B,3,5205.5,51,102.06862745098039
193598.0,A,3,9714.0,83,117.03614457831326
193598.0,B,9,672.0,1,672.0
193598.0,A,9,4643.5,30,154.78333333333333
195400.0,B,6,4984.0,32,155.75
195400.0,A,6,0,0,0
195400.0,A,0,5533.5,9,614.8333333333334
195400.0,B,0,5890.5,9,654.5
195400.0,B,3,5256.0,55,95.56363636363636
195400.0,A,3,6385.5,73,87.47260273972603
195400.0,B,9,669.0,1,669.0
195400.0,A,9,4120.5,23,179.15217391304347
197202.0,B,6,5297.5,28,189.19642857142858
197202.0,A,6,0,0,0
197202.0,A,0,5692.0,10,569.2
197202.0,B,0,6636.5,7,948.0714285714286
197202.0,B,3,6046.5,53,114.08490566037736
197202.0,A,3,6590.5,73,90.28082191780823
197202.0,B,9,759.0,1,759.0
197202.0,A,9,4186.0,30,139.53333333333333
199004.0,B,6,5489.5,32,171.546875
199004.0,A,6,0,0,0
199004.0,A,0,5419.0,10,541.9
199004.0,B,0,4120.5,5,824.1
199004.0,B,3,6381.5,60,106.35833333333333
199004.0,A,3,9815.0,82,119.6951219512195
199004.0,B,9,0,0,0
199004.0,A,9,4583.5,21,218.26190476190476
200807.0,B,6,5654.0,29,194.9655172413793
200807.0,A,6,0,0,0
200807.0,A,0,7302.5,11,663.8636363636364
200807.0,B,0,5219.5,7,745.6428571428571
200807.0,B,3,5829.5,51,114.30392156862744
200807.0,A,3,9917.0,85,116.67058823529412
200807.0,B,9,0,0,0
200807.0,A,9,4179.0,21,199.0
202608.0,B,6,5864.5,31,189.17741935483872
202608.0,A,6,0,0,0
202608.0,A,0,7057.5,11,641.5909090909091
202608.0,B,0,4778.0,7,682.5714285714286
202608.0,B,3,6186.5,55,112.48181818181818
202608.0,A,3,10237.0,88,116.32954545454545
202608.0,B,9,0,0,0
202608.0,A,9,4550.0,26,175.0
204410.0,B,6,5731.0,28,204.67857142857142
204410.0,A,6,0,0,0
204410.0,A,0,8310.0,6,1385.0
204410.0,B,0,6688.0,7,955.4285714285714
204410.0,B,3,6717.5,62,108.34677419354838
204410.0,A,3,10186.0,79,128.9367088607595
204410.0,B,9,0,0,0
204410.0,A,9,4395.0,28,156.96428571428572
206212.0,B,6,5726.5,29,197.4655172413793
206212.0,A,6,0,0,0
206212.0,A,0,7055.0,8,881.875
206212.0,B,0,8683.0,5,1736.6
206212.0,B,3,6358.0,63,100.92063492063492
206212.0,A,3,10042.0,84,119.54761904761905
206212.0,B,9,0,0,0
206212.0,A,9,4478.5,28,159.94642857142858
208014.0,B,6,6031.0,32,188.46875
208014.0,A,6,0,0,0
208014.0,A,0,8953.5,8,1119.1875
208014.0,B,0,8210.5,8,1026.3125
208014.0,B,3,6302.0,67,94.05970149253731
208014.0,A,3,6417.5,73,87.91095890410959
208014.0,B,9,0,0,0
208014.0,A,9,3858.5,26,148.40384615384616
209817.0,B,6,6008.0,41,146.53658536585365
209817.0,A,6,0,0,0
209817.0,A,0,8574.0,9,952.6666666666666
209817.0,B,0,10804.5,4,2701.125
209817.0,B,3,6404.5,74,86.54729729729729
209817.0,A,3,7002.0,76,92.13157894736842
209817.0,B,9,0,0,0
209817.0,A,9,4381.5,25,175.26
211619.0,B,6,6283.0,36,174.52777777777777
211619.0,A,6,0,0,0
211619.0,A,0,9019.0,10,901.9
211619.0,B,0,11185.5,7,1597.9285714285713
211619.0,B,3,6451.5,66,97.75
211619.0,A,3,9989.5,82,121.82317073170732
211619.0,B,9,0,0,0
211619.0,A,9,4136.5,25,165.46
213421.0,B,6,5893.5,35,168.38571428571427
213421.0,A,6,0,0,0
213421.0,A,0,10666.5,9,1185.1666666666667
213421.0,B,0,12553.5,5,2510.7
213421.0,B,3,6951.5,76,91.46710526315789
213421.0,A,3,6458.0,86,75.09302325581395
213421.0,B,9,418.0,1,418.0
213421.0,A,9,4568.5,30,152.28333333333333
215223.0,B,6,6350.0,38,167.10526315789474
215223.0,A,6,0,0,0
215223.0,A,0,9829.0,8,1228.625
215223.0,B,0,13367.5,5,2673.5
215223.0,B,3,6974.0,67,104.08955223880596
215223.0,A,3,10455.0,84,124.46428571428571
215223.0,B,9,507.0,2,253.5
215223.0,A,9,4503.5,27,166.7962962962963
217025.0,B,6,6969.0,37,188.35135135135135
217025.0,A,6,0,0,0
217025.0,A,0,10997.0,8,1374.625
217025.0,B,0,13921.5,10,1392.15
217025.0,B,3,7591.5,71,106.9225352112676
217025.0,A,3,10761.5,80,134.51875
217025.0,B,9,695.5,1,695.5
217025.0,A,9,4445.5,26,170.98076923076923
218827.0,B,6,6629.5,44,150.67045454545453
218827.0,A,6,0,0,0
218827.0,A,0,11598.0,5,2319.6
218827.0,B,0,12107.5,9,1345.2777777777778
218827.0,B,3,7188.0,73,98.46575342465754
218827.0,A,3,6502.5,68,95.625
218827.0,B,9,0,0,0
218827.0,A,9,4880.0,29,168.27586206896552
220629.0,B,6,7183.5,52,138.14423076923077
220629.0,A,6,0,0,0
220629.0,A,0,11966.0,6,1994.3333333333333
220629.0,B,0,12945.0,10,1294.5
220629.0,B,3,7796.0,73,106.79452054794521
220629.0,A,3,10617.0,93,114.16129032258064
220629.0,B,9,0,0,0
220629.0,A,9,2404.0,18,133.55555555555554
222431.0,B,6,6491.0,43,150.95348837209303
222431.0,A,6,0,0,0
222431.0,A,0,13034.5,6,2172.4166666666665
222431.0,B,0,14919.0,8,1864.875
222431.0,B,3,7068.0,67,105.49253731343283
222431.0,A,3,6471.0,71,91.14084507042253
222431.0,B,9,1047.0,2,523.5
222431.0,A,9,3841.5,25,153.66
224234.0,B,6,6990.5,44,158.875
224234.0,A,6,0,0,0
224234.0,A,0,12114.5,7,1730.642857142857
224234.0,B,0,13840.0,3,4613.333333333333
224234.0,B,3,8178.5,82,99.73780487804878
224234.0,A,3,10544.0,85,124.04705882352941
224234.0,B,9,0,0,0
224234.0,A,9,4845.5,35,138.44285714285715
226036.0,B,6,6922.5,42,164.82142857142858
226036.0,A,6,0,0,0
226036.0,A,0,11688.0,11,1062.5454545454545
226036.0,B,0,14500.0,7,2071.4285714285716
226036.0,B,3,8526.5,77,110.73376623376623
226036.0,A,3,10614.5,91,116.64285714285714
226036.0,B,9,0,0,0
226036.0,A,9,4794.0,29,165.31034482758622
227838.0,B,6,7354.5,47,156.4787234042553
227838.0,A,6,0,0,0
227838.0,A,0,13663.0,6,2277.1666666666665
227838.0,B,0,17220.5,6,2870.0833333333335
227838.0,B,3,7634.0,75,101.78666666666666
227838.0,A,3,7053.0,78,90.42307692307692
227838.0,B,9,985.0,1,985.0
227838.0,A,9,4262.0,24,177.58333333333334
229640.0,B,6,7931.5,49,161.8673469387755
229640.0,A,6,0,0,0
229640.0,A,0,14749.5,4,3687.375
229640.0,B,0,16447.5,5,3289.5
229640.0,B,3,8067.0,74,109.01351351351352
229640.0,A,3,7345.5,80,91.81875
229640.0,B,9,733.5,1,733.5
229640.0,A,9,3959.5,22,179.97727272727272
236384.0,B,6,8875.0,51,174.01960784313727
236384.0,A,6,0,0,0
236384.0,A,0,20096.0,3,6698.666666666667
236384.0,B,0,27004.5,1,27004.5
236384.0,B,3,7506.0,77,97.48051948051948
236384.0,A,3,11443.0,87,131.5287356321839
236384.0,B,9,673.0,1,673.0
236384.0,A,9,5038.0,32,157.4375
238185.0,B,6,8748.5,56,156.22321428571428
238185.0,A,6,0,0,0
238185.0,A,0,18598.5,2,9299.25
238185.0,B,0,25811.0,3,8603.666666666666
238185.0,B,3,6949.5,76,91.4407894736842
238185.0,A,3,7961.5,88,90.4715909090909
238185.0,B,9,463.0,1,463.0
238185.0,A,9,4821.5,29,166.25862068965517
239986.0,B,6,9576.0,61,156.98360655737704
239986.0,A,6,0,0,0
239986.0,A,0,18767.0,3,6255.666666666667
239986.0,B,0,24704.5,2,12352.25
239986.0,B,3,9963.0,86,115.84883720930233
239986.0,A,3,11452.5,86,133.16860465116278
239986.0,B,9,204.0,1,204.0
239986.0,A,9,5054.0,28,180.5
241787.0,B,6,9078.5,57,159.2719298245614
241787.0,A,6,0,0,0
241787.0,A,0,19334.0,2,9667.0
241787.0,B,0,24376.5,1,24376.5
241787.0,B,3,9719.5,85,114.34705882352941
241787.0,A,3,7950.5,81,98.15432098765432
241787.0,B,9,0,0,0
241787.0,A,9,5393.5,29,185.98275862068965
243588.0,B,6,8755.5,57,153.60526315789474
243588.0,A,6,0,0,0
243588.0,A,0,20958.0,2,10479.0
243588.0,B,0,24506.5,1,24506.5
243588.0,B,3,8772.5,85,103.20588235294117
243588.0,A,3,7659.0,82,93.40243902439025
243588.0,B,9,0,0,0
243588.0,A,9,4959.0,27,183.66666666666666
245390.0,B,6,9453.0,54,175.05555555555554
245390.0,A,6,0,0,0
245390.0,A,0,19851.0,2,9925.5
245390.0,B,0,26127.0,1,26127.0
245390.0,B,3,10023.0,88,113.89772727272727
245390.0,A,3,7175.0,74,96.95945945945945
245390.0,B,9,282.5,1,282.5
245390.0,A,9,5408.0,34,159.05882352941177
247191.0,B,6,9051.0,60,150.85
247191.0,A,6,0,0,0
247191.0,A,0,20053.0,1,20053.0
247191.0,B,0,26310.5,1,26310.5
247191.0,B,3,9954.0,93,107.03225806451613
247191.0,A,3,7669.5,72,106.52083333333333
247191.0,B,9,426.5,1,426.5
247191.0,A,9,5592.5,35,159.78571428571428
248992.0,B,6,9447.5,59,160.1271186440678
248992.0,A,6,0,0,0
248992.0,A,0,20319.0,2,10159.5
248992.0,B,0,27200.5,1,27200.5
248992.0,B,3,9710.0,86,112.90697674418605
248992.0,A,3,7637.0,85,89.84705882352941
248992.0,B,9,0,0,0
248992.0,A,9,5311.0,29,183.13793103448276
250794.0,B,6,9531.5,63,151.29365079365078
250794.0,A,6,0,0,0
250794.0,A,0,20421.5,2,10210.75
250794.0,B,0,26452.5,1,26452.5
250794.0,B,3,9725.0,85,114.41176470588235
250794.0,A,3,7706.0,79,97.54430379746836
250794.0,B,9,537.0,2,268.5
250794.0,A,9,5708.5,30,190.28333333333333
252595.0,B,6,10023.0,67,149.59701492537314
252595.0,A,6,0,0,0
252595.0,A,0,20794.0,3,6931.333333333333
252595.0,B,0,26665.0,1,26665.0
252595.0,B,3,10019.0,92,108.90217391304348
252595.0,A,3,7150.5,74,96.62837837837837
252595.0,B,9,241.5,1,241.5
252595.0,A,9,5261.0,24,219.20833333333334
254396.0,B,6,10153.5,70,145.05
254396.0,A,6,0,0,0
254396.0,A,0,21270.0,2,10635.0
254396.0,B,0,26284.5,1,26284.5
254396.0,B,3,10720.0,90,119.11111111111111
254396.0,A,3,7791.5,74,105.29054054054055
254396.0,B,9,0,0,0
254396.0,A,9,5044.0,30,168.13333333333333
256198.0,B,6,10104.0,63,160.38095238095238
256198.0,A,6,0,0,0
256198.0,A,0,21995.5,2,10997.75
256198.0,B,0,26868.5,1,26868.5
256198.0,B,3,10780.5,91,118.46703296703296
256198.0,A,3,7484.5,84,89.10119047619048
256198.0,B,9,0,0,0
256198.0,A,9,5120.5,25,204.82
257999.0,B,6,10984.0,66,166.42424242424244
257999.0,A,6,0,0,0
257999.0,A,0,21392.5,2,10696.25
257999.0,B,0,28379.0,1,28379.0
257999.0,B,3,10705.0,90,118.94444444444444
257999.0,A,3,7371.0,72,102.375
257999.0,B,9,247.0,1,247.0
257999.0,A,9,5828.0,37,157.51351351351352
259800.0,B,6,10978.0,74,148.35135135135135
259800.0,A,6,0,0,0
259800.0,A,0,21512.0,2,10756.0
259800.0,B,0,28190.0,1,28190.0
259800.0,B,3,10735.5,91,117.97252747252747
259800.0,A,3,8178.5,77,106.21428571428571
259800.0,B,9,0,0,0
259800.0,A,9,5909.0,32,184.65625
261602.0,B,6,11154.0,68,164.02941176470588
261602.0,A,6,0,0,0
261602.0,A,0,21518.0,2,10759.0
261602.0,B,0,27692.0,2,13846.0
261602.0,B,3,11663.5,86,135.62209302325581
261602.0,A,3,12286.0,89,138.04494382022472
261602.0,B,9,0,0,0
261602.0,A,9,5886.5,33,178.37878787878788
263403.0,B,6,10226.0,62,164.93548387096774
263403.0,A,6,0,0,0
263403.0,A,0,21865.0,1,21865.0
263403.0,B,0,27209.0,1,27209.0
263403.0,B,3,11543.0,89,129.69662921348313
263403.0,A,3,8281.5,79,104.82911392405063
263403.0,B,9,0,0,0
263403.0,A,9,5956.5,31,192.1451612903226
265204.0,B,6,10851.0,67,161.955223880597
265204.0,A,6,0,0,0
265204.0,A,0,22989.0,2,11494.5
265204.0,B,0,28994.0,1,28994.0
265204.0,B,3,10990.5,91,120.77472527472527
265204.0,A,3,7781.0,81,96.06172839506173
265204.0,B,9,6299.0,33,190.87878787878788
265204.0,A,9,5640.5,33,170.92424242424244
267006.0,B,6,11318.5,72,157.20138888888889
267006.0,A,6,0,0,0
267006.0,A,0,23025.5,2,11512.75
267006.0,B,0,28094.0,1,28094.0
267006.0,B,3,10513.5,88,119.4715909090909
267006.0,A,3,8174.0,89,91.84269662921348
267006.0,B,9,6186.5,28,220.94642857142858
267006.0,A,9,5809.0,33,176.03030303030303
268807.0,B,6,10886.0,64,170.09375
268807.0,A,6,0,0,0
268807.0,A,0,22459.0,2,11229.5
268807.0,B,0,29713.0,1,29713.0
268807.0,B,3,11969.0,88,136.01136363636363
268807.0,A,3,7236.5,82,88.25
268807.0,B,9,6109.0,26,234.96153846153845
268807.0,A,9,6286.5,37,169.90540540540542
270608.0,B,6,11443.0,66,173.37878787878788
270608.0,A,6,0,0,0
270608.0,A,0,23288.0,1,23288.0
270608.0,B,0,28963.0,1,28963.0
270608.0,B,3,11572.5,86,134.5639534883721
270608.0,A,3,8407.5,78,107.78846153846153
270608.0,B,9,6114.5,29,210.8448275862069
270608.0,A,9,6121.0,38,161.07894736842104
272410.0,B,6,11316.5,70,161.6642857142857
272410.0,A,6,0,0,0
272410.0,A,0,22804.0,1,22804.0
272410.0,B,0,29586.0,2,14793.0
272410.0,B,3,12080.5,89,135.73595505617976
272410.0,A,3,8385.0,78,107.5
272410.0,B,9,6124.5,31,197.56451612903226
272410.0,A,9,5973.5,37,161.44594594594594
274211.0,B,6,11902.5,64,185.9765625
274211.0,A,6,0,0,0
274211.0,A,0,24344.0,1,24344.0
274211.0,B,0,29128.5,1,29128.5
274211.0,B,3,11910.5,94,126.70744680851064
274211.0,A,3,12699.5,92,138.03804347826087
274211.0,B,9,6738.0,34,198.1764705882353
274211.0,A,9,6238.5,38,164.17105263157896
276012.0,B,6,11840.0,64,185.0
276012.0,A,6,0,0,0
276012.0,A,0,23826.0,2,11913.0
276012.0,B,0,30416.0,1,30416.0
276012.0,B,3,11225.5,85,132.06470588235294
276012.0,A,3,7299.0,78,93.57692307692308
276012.0,B,9,6704.5,30,223.48333333333332
276012.0,A,9,6240.5,37,168.66216216216216
277814.0,B,6,11544.0,58,199.0344827586207
277814.0,A,6,0,0,0
277814.0,A,0,24276.0,1,24276.0
277814.0,B,0,29532.0,1,29532.0
277814.0,B,3,12838.5,86,149.28488372093022
277814.0,A,3,7880.5,81,97.29012345679013
277814.0,B,9,6069.5,29,209.29310344827587
277814.0,A,9,6654.0,38,175.10526315789474
279615.0,B,6,11904.0,66,180.36363636363637
279615.0,A,6,0,0,0
279615.0,A,0,24794.5,1,24794.5
279615.0,B,0,29846.5,1,29846.5
279615.0,B,3,12983.5,90,144.26111111111112
279615.0,A,3,8229.0,77,106.87012987012987
279615.0,B,9,6425.5,36,178.48611111111111
279615.0,A,9,6423.0,39,164.69230769230768
281416.0,B,6,12301.0,71,173.25352112676057
281416.0,A,6,0,0,0
281416.0,A,0,23372.5,1,23372.5
281416.0,B,0,30073.0,1,30073.0
281416.0,B,3,13155.0,90,146.16666666666666
281416.0,A,3,12102.5,96,126.06770833333333
281416.0,B,9,6406.0,29,220.89655172413794
281416.0,A,9,6959.0,38,183.1315789473684
283218.0,B,6,12648.0,71,178.14084507042253
283218.0,A,6,0,0,0
283218.0,A,0,24584.5,2,12292.25
283218.0,B,0,30373.5,1,30373.5
283218.0,B,3,12686.5,94,134.9627659574468
283218.0,A,3,13488.5,102,132.24019607843138
283218.0,B,9,6603.5,29,227.70689655172413
283218.0,A,9,6783.0,42,161.5
285019.0,B,6,12097.5,66,183.29545454545453
285019.0,A,6,0,0,0
285019.0,A,0,24683.0,1,24683.0
285019.0,B,0,30693.5,1,30693.5
285019.0,B,3,12957.5,87,148.9367816091954
285019.0,A,3,8788.0,88,99.86363636363636
285019.0,B,9,6473.5,30,215.78333333333333
285019.0,A,9,6951.5,43,161.6627906976744
286820.0,B,6,12794.0,62,206.3548387096774
286820.0,A,6,0,0,0
286820.0,A,0,24107.5,1,24107.5
286820.0,B,0,30769.5,1,30769.5
286820.0,B,3,13062.5,95,137.5
286820.0,A,3,13199.5,97,136.07731958762886
286820.0,B,9,6998.0,30,233.26666666666668
286820.0,A,9,7235.0,41,176.46341463414635
288622.0,B,6,11907.5,66,180.41666666666666
288622.0,A,6,0,0,0
288622.0,A,0,25366.5,1,25366.5
288622.0,B,0,30803.5,1,30803.5
288622.0,B,3,12650.5,83,152.4156626506024
288622.0,A,3,8107.5,87,93.1896551724138
288622.0,B,9,6738.5,36,187.18055555555554
288622.0,A,9,7148.5,42,170.20238095238096
290423.0,B,6,12293.0,70,175.61428571428573
290423.0,A,6,0,0,0
290423.0,A,0,24180.0,1,24180.0
290423.0,B,0,31319.0,2,15659.5
290423.0,B,3,13735.0,80,171.6875
290423.0,A,3,8737.0,90,97.07777777777778
290423.0,B,9,6843.0,43,159.13953488372093
290423.0,A,9,7313.5,41,178.3780487804878
292224.0,B,6,12311.0,71,173.3943661971831
292224.0,A,6,0,0,0
292224.0,A,0,25772.0,1,25772.0
292224.0,B,0,30747.0,1,30747.0
292224.0,B,3,13251.0,82,161.59756097560975
292224.0,A,3,8153.0,75,108.70666666666666
292224.0,B,9,6807.0,40,170.175
292224.0,A,9,7203.0,40,180.075
294026.0,B,6,13341.5,66,202.1439393939394
294026.0,A,6,0,0,0
294026.0,A,0,24607.5,1,24607.5
294026.0,B,0,31903.0,1,31903.0
294026.0,B,3,13621.0,99,137.58585858585857
294026.0,A,3,12800.5,83,154.22289156626505
294026.0,B,9,7092.0,36,197.0
294026.0,A,9,7430.5,41,181.23170731707316
295827.0,B,6,13024.5,70,186.06428571428572
295827.0,A,6,0,0,0
295827.0,A,0,24176.5,1,24176.5
295827.0,B,0,31941.0,1,31941.0
295827.0,B,3,12976.0,91,142.5934065934066
295827.0,A,3,9045.0,97,93.24742268041237
295827.0,B,9,6701.0,32,209.40625
295827.0,A,9,6586.5,37,178.01351351351352
297629.0,B,6,12962.5,75,172.83333333333334
297629.0,A,6,0,0,0
297629.0,A,0,25440.5,2,12720.25
297629.0,B,0,32423.0,1,32423.0
297629.0,B,3,13768.0,90,152.9777777777778
297629.0,A,3,9899.0,91,108.78021978021978
297629.0,B,9,7058.0,35,201.65714285714284
297629.0,A,9,7420.5,41,180.9878048780488
299430.0,B,6,12870.5,74,173.92567567567568
299430.0,A,6,0,0,0
299430.0,A,0,24997.5,1,24997.5
299430.0,B,0,33032.0,1,33032.0
299430.0,B,3,14042.0,84,167.16666666666666
299430.0,A,3,8812.5,83,106.17469879518072
299430.0,B,9,6931.0,34,203.85294117647058
299430.0,A,9,7702.5,53,145.33018867924528
301231.0,B,6,12390.0,75,165.2
301231.0,A,6,0,0,0
301231.0,A,0,24720.5,2,12360.25
301231.0,B,0,32272.0,1,32272.0
301231.0,B,3,13997.5,92,152.14673913043478
301231.0,A,3,9323.5,101,92.31188118811882
301231.0,B,9,6524.5,36,181.23611111111111
301231.0,A,9,7831.5,52,150.60576923076923
303033.0,B,6,12652.0,78,162.2051282051282
303033.0,A,6,0,0,0
303033.0,A,0,25496.0,2,12748.0
303033.0,B,0,33059.5,1,33059.5
303033.0,B,3,14283.5,97,147.25257731958763
303033.0,A,3,8356.5,84,99.48214285714286
303033.0,B,9,6658.0,40,166.45
303033.0,A,9,7450.5,49,152.05102040816325
304835.0,B,6,14075.0,80,175.9375
304835.0,A,6,0,0,0
304835.0,A,0,25299.0,1,25299.0
304835.0,B,0,32392.5,1,32392.5
304835.0,B,3,14573.5,85,171.45294117647057
304835.0,A,3,13701.0,93,147.32258064516128
304835.0,B,9,7062.5,39,181.0897435897436
304835.0,A,9,7995.0,44,181.70454545454547
306636.0,B,6,13452.0,74,181.78378378378378
306636.0,A,6,0,0,0
306636.0,A,0,25739.5,1,25739.5
306636.0,B,0,33230.0,2,16615.0
306636.0,B,3,14129.5,91,155.26923076923077
306636.0,A,3,8687.0,79,109.9620253164557
306636.0,B,9,6559.5,35,187.4142857142857
306636.0,A,9,8192.5,52,157.54807692307693
308438.0,B,6,13166.0,73,180.35616438356163
308438.0,A,6,0,0,0
308438.0,A,0,25648.0,1,25648.0
308438.0,B,0,33543.5,1,33543.5
308438.0,B,3,14743.5,90,163.81666666666666
308438.0,A,3,8801.5,85,103.54705882352941
308438.0,B,9,6965.5,37,188.25675675675674
308438.0,A,9,7768.5,51,152.3235294117647
310240.0,B,6,14367.0,66,217.6818181818182
310240.0,A,6,0,0,0
310240.0,A,0,26379.0,1,26379.0
310240.0,B,0,32178.5,1,32178.5
310240.0,B,3,15239.5,92,165.64673913043478
310240.0,A,3,14518.5,94,154.45212765957447
310240.0,B,9,6984.0,36,194.0
310240.0,A,9,8400.5,45,186.67777777777778
312041.0,B,6,13482.0,69,195.3913043478261
312041.0,A,6,0,0,0
312041.0,A,0,24844.0,1,24844.0
312041.0,B,0,32640.0,2,16320.0
312041.0,B,3,14634.5,96,152.44270833333334
312041.0,A,3,13072.5,91,143.65384615384616
312041.0,B,9,6976.5,31,225.0483870967742
312041.0,A,9,8469.5,44,192.48863636363637
313843.0,B,6,13900.5,69,201.45652173913044
313843.0,A,6,0,0,0
313843.0,A,0,26215.0,1,26215.0
313843.0,B,0,33134.0,2,16567.0
313843.0,B,3,16116.5,99,162.7929292929293
313843.0,A,3,14567.0,101,144.22772277227722
313843.0,B,9,7944.0,39,203.69230769230768
313843.0,A,9,8470.5,47,180.22340425531914
315644.0,B,6,13958.0,72,193.86111111111111
315644.0,A,6,0,0,0
315644.0,A,0,25923.0,1,25923.0
315644.0,B,0,33902.5,1,33902.5
315644.0,B,3,15552.0,93,167.2258064516129
315644.0,A,3,11954.0,93,128.53763440860214
315644.0,B,9,7474.5,30,249.15
315644.0,A,9,9053.5,51,177.51960784313727
317445.0,B,6,7837.5,15,522.5
317445.0,A,6,0,0,0
317445.0,A,0,25948.5,1,25948.5
317445.0,B,0,33420.0,2,16710.0
317445.0,B,3,14578.5,89,163.80337078651687
317445.0,A,3,9240.0,87,106.20689655172414
317445.0,B,9,6960.5,38,183.17105263157896
317445.0,A,9,8094.5,54,149.89814814814815
319247.0,B,6,8426.5,9,936.2777777777778
319247.0,A,6,0,0,0
319247.0,A,0,26976.5,1,26976.5
319247.0,B,0,32429.5,1,32429.5
319247.0,B,3,16441.5,82,200.5060975609756
319247.0,A,3,14133.5,93,151.9731182795699
319247.0,B,9,7023.0,33,212.8181818181818
319247.0,A,9,8699.5,54,161.10185185185185
321048.0,B,6,8859.0,15,590.6
321048.0,A,6,0,0,0
321048.0,A,0,26939.5,1,26939.5
321048.0,B,0,34236.0,1,34236.0
321048.0,B,3,15701.0,89,176.41573033707866
321048.0,A,3,8691.0,84,103.46428571428571
321048.0,B,9,7036.0,35,201.02857142857144
321048.0,A,9,8326.5,53,157.10377358490567
322849.0,B,6,7115.0,12,592.9166666666666
322849.0,A,6,0,0,0
322849.0,A,0,26852.5,1,26852.5
322849.0,B,0,34386.5,1,34386.5
322849.0,B,3,15288.0,92,166.17391304347825
322849.0,A,3,9385.5,89,105.45505617977528
322849.0,B,9,7018.5,33,212.6818181818182
322849.0,A,9,8871.0,53,167.37735849056602
324651.0,B,6,8010.5,8,1001.3125
324651.0,A,6,0,0,0
324651.0,A,0,24270.5,1,24270.5
324651.0,B,0,31771.5,1,31771.5
324651.0,B,3,14162.5,92,153.94021739130434
324651.0,A,3,14435.5,100,144.355
324651.0,B,9,7060.5,33,213.95454545454547
324651.0,A,9,9019.5,51,176.85294117647058
326452.0,B,6,1778.5,3,592.8333333333334
326452.0,A,6,0,0,0
326452.0,A,0,15604.5,6,2600.75
326452.0,B,0,27046.0,1,27046.0
326452.0,B,3,10018.0,76,131.81578947368422
326452.0,A,3,11374.0,79,143.9746835443038
326452.0,B,9,5952.0,26,228.92307692307693
326452.0,A,9,7716.5,48,160.76041666666666
328253.0,B,6,368.5,1,368.5
328253.0,A,6,0,0,0
328253.0,A,0,2268.5,3,756.1666666666666
328253.0,B,0,20004.5,5,4000.9
328253.0,B,3,7210.0,71,101.54929577464789
328253.0,A,3,9035.5,87,103.85632183908046
328253.0,B,9,4876.5,25,195.06
328253.0,A,9,6441.5,41,157.109756097561
330055.0,B,6,805.0,3,268.3333333333333
330055.0,A,6,0,0,0
330055.0,A,0,2573.5,8,321.6875
330055.0,B,0,19474.0,7,2782.0
330055.0,B,3,6481.0,69,93.92753623188406
330055.0,A,3,5663.0,67,84.5223880597015
330055.0,B,9,4635.5,28,165.55357142857142
330055.0,A,9,7326.0,41,178.6829268292683
331856.0,B,6,1471.5,5,294.3
331856.0,A,6,0,0,0
331856.0,A,0,4488.5,5,897.7
331856.0,B,0,22269.0,5,4453.8
331856.0,B,3,9512.0,88,108.0909090909091
331856.0,A,3,10731.0,75,143.08
331856.0,B,9,5171.5,22,235.0681818181818
331856.0,A,9,8267.0,52,158.98076923076923
333657.0,B,6,7893.5,8,986.6875
333657.0,A,6,0,0,0
333657.0,A,0,18498.5,4,4624.625
333657.0,B,0,26911.5,1,26911.5
333657.0,B,3,11538.0,86,134.1627906976744
333657.0,A,3,11765.0,88,133.6931818181818
333657.0,B,9,7243.0,39,185.71794871794873
333657.0,A,9,9332.0,56,166.64285714285714
335458.0,B,6,10147.5,13,780.5769230769231
335458.0,A,6,265.5,1,265.5
335458.0,A,0,26026.0,1,26026.0
335458.0,B,0,32668.5,1,32668.5
335458.0,B,3,14944.0,85,175.81176470588235
335458.0,A,3,14103.5,90,156.70555555555555
335458.0,B,9,2211.5,6,368.5833333333333
335458.0,A,9,9410.0,48,196.04166666666666
337260.0,B,6,10030.0,14,716.4285714285714
337260.0,A,6,282.5,1,282.5
337260.0,A,0,27279.5,1,27279.5
337260.0,B,0,35906.0,1,35906.0
337260.0,B,3,16521.5,90,183.57222222222222
337260.0,A,3,9298.5,83,112.03012048192771
337260.0,B,9,2365.5,5,473.1
337260.0,A,9,9477.5,51,185.83333333333334
339061.0,B,6,9858.5,14,704.1785714285714
339061.0,A,6,0,0,0
339061.0,A,0,27417.5,1,27417.5
339061.0,B,0,36470.0,1,36470.0
339061.0,B,3,14784.0,79,187.13924050632912
339061.0,A,3,12534.5,86,145.75
339061.0,B,9,2772.5,6,462.0833333333333
339061.0,A,9,9339.0,49,190.59183673469389
340862.0,B,6,9674.5,10,967.45
340862.0,A,6,0,0,0
340862.0,A,0,28956.0,1,28956.0
340862.0,B,0,35739.0,1,35739.0
340862.0,B,3,17265.0,80,215.8125
340862.0,A,3,13714.0,93,147.46236559139786
340862.0,B,9,2776.0,4,694.0
340862.0,A,9,9890.5,48,206.05208333333334
342664.0,B,6,11777.0,9,1308.5555555555557
342664.0,A,6,380.5,1,380.5
342664.0,A,0,27607.0,1,27607.0
342664.0,B,0,36619.5,2,18309.75
342664.0,B,3,16854.0,86,195.97674418604652
342664.0,A,3,12208.5,92,132.70108695652175
342664.0,B,9,2211.5,6,368.5833333333333
342664.0,A,9,10393.5,58,179.19827586206895
344465.0,B,6,13057.5,13,1004.4230769230769
344465.0,A,6,558.5,2,279.25
344465.0,A,0,28066.0,1,28066.0
344465.0,B,0,35195.5,2,17597.75
344465.0,B,3,16674.0,96,173.6875
344465.0,A,3,9774.0,84,116.35714285714286
344465.0,B,9,1957.5,6,326.25
344465.0,A,9,9026.5,55,164.11818181818182
346266.0,B,6,12495.0,12,1041.25
346266.0,A,6,0,0,0
346266.0,A,0,29200.5,1,29200.5
346266.0,B,0,36230.0,1,36230.0
346266.0,B,3,16608.0,90,184.53333333333333
346266.0,A,3,10351.0,83,124.71084337349397
346266.0,B,9,2222.5,4,555.625
346266.0,A,9,9567.5,49,195.25510204081633
348068.0,B,6,11590.0,15,772.6666666666666
348068.0,A,6,0,0,0
348068.0,A,0,28765.0,1,28765.0
348068.0,B,0,36723.0,1,36723.0
348068.0,B,3,17183.0,89,193.06741573033707
348068.0,A,3,12569.5,89,141.23033707865167
348068.0,B,9,3322.0,7,474.57142857142856
348068.0,A,9,9848.5,48,205.17708333333334
349869.0,B,6,13184.5,13,1014.1923076923077
349869.0,A,6,209.5,1,209.5
349869.0,A,0,29748.5,1,29748.5
349869.0,B,0,36591.5,1,36591.5
349869.0,B,3,17389.0,93,186.9784946236559
349869.0,A,3,12569.0,93,135.1505376344086
349869.0,B,9,2742.5,7,391.7857142857143
349869.0,A,9,9490.5,51,186.08823529411765
351670.0,B,6,13358.0,15,890.5333333333333
351670.0,A,6,1001.5,3,333.8333333333333
351670.0,A,0,27828.5,1,27828.5
351670.0,B,0,36614.5,1,36614.5
351670.0,B,3,17033.5,90,189.26111111111112
351670.0,A,3,13128.5,98,133.96428571428572
351670.0,B,9,2814.0,7,402.0
351670.0,A,9,10242.0,48,213.375
353472.0,B,6,13458.5,17,791.6764705882352
353472.0,A,6,763.0,3,254.33333333333334
353472.0,A,0,28363.5,1,28363.5
353472.0,B,0,37485.0,1,37485.0
353472.0,B,3,18176.5,89,204.23033707865167
353472.0,A,3,13060.0,101,129.30693069306932
353472.0,B,9,3715.5,7,530.7857142857143
353472.0,A,9,10435.0,52,200.67307692307693
355273.0,B,6,13317.5,11,1210.6818181818182
355273.0,A,6,392.5,1,392.5
355273.0,A,0,28172.0,1,28172.0
355273.0,B,0,37816.0,2,18908.0
355273.0,B,3,17780.0,90,197.55555555555554
355273.0,A,3,13623.5,98,139.01530612244898
355273.0,B,9,4125.5,6,687.5833333333334
355273.0,A,9,9697.0,56,173.16071428571428
357075.0,B,6,13500.5,10,1350.05
357075.0,A,6,499.5,1,499.5
357075.0,A,0,28237.0,1,28237.0
357075.0,B,0,36247.5,2,18123.75
357075.0,B,3,17276.5,82,210.6890243902439
357075.0,A,3,12706.0,95,133.74736842105264
357075.0,B,9,2513.0,6,418.8333333333333
357075.0,A,9,9757.5,58,168.23275862068965
358876.0,B,6,14955.5,13,1150.423076923077
358876.0,A,6,1238.5,3,412.8333333333333
358876.0,A,0,28419.0,1,28419.0
358876.0,B,0,36836.5,1,36836.5
358876.0,B,3,18633.5,86,216.66860465116278
358876.0,A,3,13307.0,92,144.6413043478261
358876.0,B,9,3332.5,6,555.4166666666666
358876.0,A,9,9966.5,57,174.85087719298247
360678.0,B,6,9940.5,11,903.6818181818181
360678.0,A,6,0,0,0
360678.0,A,0,26130.5,1,26130.5
360678.0,B,0,34324.0,1,34324.0
360678.0,B,3,15253.5,88,173.33522727272728
360678.0,A,3,9098.0,89,102.2247191011236
360678.0,B,9,2936.5,7,419.5
360678.0,A,9,10017.0,64,156.515625
362479.0,B,6,12744.5,16,796.53125
362479.0,A,6,581.5,2,290.75
362479.0,A,0,25906.5,1,25906.5
362479.0,B,0,35928.0,1,35928.0
362479.0,B,3,14727.0,94,156.67021276595744
362479.0,A,3,12154.0,102,119.15686274509804
362479.0,B,9,2535.5,6,422.5833333333333
362479.0,A,9,10227.5,58,176.33620689655172
364281.0,B,6,16431.0,10,1643.1
364281.0,A,6,825.0,2,412.5
364281.0,A,0,29447.5,1,29447.5
364281.0,B,0,36665.0,1,36665.0
364281.0,B,3,15298.0,85,179.9764705882353
364281.0,A,3,14118.0,92,153.45652173913044
364281.0,B,9,2586.5,7,369.5
364281.0,A,9,8068.5,58,139.11206896551724
366082.0,B,6,16816.5,15,1121.1
366082.0,A,6,1346.5,4,336.625
366082.0,A,0,28809.0,1,28809.0
366082.0,B,0,38025.0,2,19012.5
366082.0,B,3,17398.5,92,189.1141304347826
366082.0,A,3,10768.0,85,126.68235294117648
366082.0,B,9,3906.0,8,488.25
366082.0,A,9,10679.0,58,184.1206896551724
367883.0,B,6,14399.0,16,899.9375
367883.0,A,6,0,0,0
367883.0,A,0,30140.0,1,30140.0
367883.0,B,0,37864.0,1,37864.0
367883.0,B,3,17360.0,85,204.23529411764707
367883.0,A,3,10979.5,89,123.36516853932584
367883.0,B,9,4792.5,8,599.0625
367883.0,A,9,9966.0,56,177.96428571428572
369684.0,B,6,17067.0,11,1551.5454545454545
369684.0,A,6,1498.5,4,374.625
369684.0,A,0,29306.5,1,29306.5
369684.0,B,0,37571.5,1,37571.5
369684.0,B,3,18336.5,90,203.73888888888888
369684.0,A,3,13196.0,100,131.96
369684.0,B,9,4164.5,8,520.5625
369684.0,A,9,8499.5,53,160.3679245283019
371486.0,B,6,16143.0,14,1153.0714285714287
371486.0,A,6,210.5,1,210.5
371486.0,A,0,29962.0,1,29962.0
371486.0,B,0,36954.5,1,36954.5
371486.0,B,3,18150.5,85,213.53529411764706
371486.0,A,3,10973.0,85,129.09411764705882
371486.0,B,9,4661.5,7,665.9285714285714
371486.0,A,9,10717.0,52,206.09615384615384
373287.0,B,6,17979.0,13,1383.0
373287.0,A,6,1357.5,4,339.375
373287.0,A,0,29188.0,1,29188.0
373287.0,B,0,36618.0,1,36618.0
373287.0,B,3,15546.0,88,176.6590909090909
373287.0,A,3,10476.5,91,115.12637362637362
373287.0,B,9,3228.5,9,358.72222222222223
373287.0,A,9,8174.0,54,151.37037037037038
375089.0,B,6,10046.5,12,837.2083333333334
375089.0,A,6,220.0,1,220.0
375089.0,A,0,24813.5,2,12406.75
375089.0,B,0,35342.0,2,17671.0
375089.0,B,3,16078.0,87,184.80459770114942
375089.0,A,3,11956.5,90,132.85
375089.0,B,9,3537.5,8,442.1875
375089.0,A,9,8332.5,50,166.65
376890.0,B,6,10197.5,12,849.7916666666666
376890.0,A,6,0,0,0
376890.0,A,0,23892.0,2,11946.0
376890.0,B,0,34176.5,1,34176.5
376890.0,B,3,15948.5,88,181.23295454545453
376890.0,A,3,11846.5,98,120.88265306122449
376890.0,B,9,3762.5,8,470.3125
376890.0,A,9,9740.0,61,159.672131147541
378691.0,B,6,10484.5,16,655.28125
378691.0,A,6,497.0,2,248.5
378691.0,A,0,22925.0,2,11462.5
378691.0,B,0,33278.5,1,33278.5
378691.0,B,3,14790.0,95,155.68421052631578
378691.0,A,3,9250.5,74,125.00675675675676
378691.0,B,9,3666.0,8,458.25
378691.0,A,9,10234.5,56,182.75892857142858
380493.0,B,6,11083.0,10,1108.3
380493.0,A,6,1085.0,3,361.6666666666667
380493.0,A,0,22491.5,1,22491.5
380493.0,B,0,30800.5,1,30800.5
380493.0,B,3,14694.5,86,170.86627906976744
380493.0,A,3,9277.5,78,118.9423076923077
380493.0,B,9,2039.5,5,407.9
380493.0,A,9,8343.5,59,141.41525423728814
382294.0,B,6,10536.5,10,1053.65
382294.0,A,6,201.0,1,201.0
382294.0,A,0,23850.5,2,11925.25
382294.0,B,0,32906.5,1,32906.5
382294.0,B,3,16424.0,82,200.29268292682926
382294.0,A,3,12039.0,91,132.2967032967033
382294.0,B,9,4202.0,8,525.25
382294.0,A,9,10563.0,59,179.03389830508473
384096.0,B,6,14073.5,13,1082.576923076923
384096.0,A,6,909.0,2,454.5
384096.0,A,0,23082.5,2,11541.25
384096.0,B,0,30914.0,1,30914.0
384096.0,B,3,14301.0,95,150.53684210526316
384096.0,A,3,12340.0,71,173.80281690140845
384096.0,B,9,2076.0,5,415.2
384096.0,A,9,10564.0,55,192.07272727272726
385897.0,B,6,11838.0,12,986.5
385897.0,A,6,1709.0,3,569.6666666666666
385897.0,A,0,22472.0,1,22472.0
385897.0,B,0,31774.0,2,15887.0
385897.0,B,3,14889.0,90,165.43333333333334
385897.0,A,3,9882.0,88,112.29545454545455
385897.0,B,9,3854.5,8,481.8125
385897.0,A,9,8577.0,57,150.47368421052633
387699.0,B,6,13087.0,13,1006.6923076923077
387699.0,A,6,491.0,2,245.5
387699.0,A,0,24260.0,2,12130.0
387699.0,B,0,32788.5,1,32788.5
387699.0,B,3,15702.0,88,178.4318181818182
387699.0,A,3,12528.0,79,158.58227848101265
387699.0,B,9,6608.5,8,826.0625
387699.0,A,9,9183.5,54,170.0648148148148
389500.0,B,6,13386.5,17,787.4411764705883
389500.0,A,6,1743.5,3,581.1666666666666
389500.0,A,0,22377.0,2,11188.5
389500.0,B,0,31812.0,1,31812.0
389500.0,B,3,14100.0,90,156.66666666666666
389500.0,A,3,9797.5,78,125.60897435897436
389500.0,B,9,4839.0,9,537.6666666666666
389500.0,A,9,10203.0,60,170.05
391302.0,B,6,15373.0,15,1024.8666666666666
391302.0,A,6,1567.0,3,522.3333333333334
391302.0,A,0,24487.5,1,24487.5
391302.0,B,0,33733.0,2,16866.5
391302.0,B,3,15313.5,89,172.06179775280899
391302.0,A,3,10344.5,75,137.92666666666668
391302.0,B,9,5682.0,9,631.3333333333334
391302.0,A,9,10736.0,60,178.93333333333334
393103.0,B,6,20282.5,12,1690.2083333333333
393103.0,A,6,1909.5,4,477.375
393103.0,A,0,26552.5,1,26552.5
393103.0,B,0,42288.0,2,21144.0
393103.0,B,3,15320.5,7,2188.6428571428573
393103.0,A,3,11146.5,87,128.1206896551724
393103.0,B,9,4363.0,9,484.77777777777777
393103.0,A,9,10734.5,61,175.97540983606558
394904.0,B,6,17565.5,15,1171.0333333333333
394904.0,A,6,212.5,1,212.5
394904.0,A,0,27825.0,1,27825.0
394904.0,B,0,33447.5,1,33447.5
394904.0,B,3,14379.5,15,958.6333333333333
394904.0,A,3,13243.0,83,159.55421686746988
394904.0,B,9,5165.0,8,645.625
394904.0,A,9,8718.5,55,158.51818181818183
396706.0,B,6,20717.5,12,1726.4583333333333
396706.0,A,6,1112.0,3,370.6666666666667
396706.0,A,0,29154.5,1,29154.5
396706.0,B,0,34938.5,2,17469.25
396706.0,B,3,18010.5,11,1637.3181818181818
396706.0,A,3,11016.5,92,119.7445652173913
396706.0,B,9,4478.0,9,497.55555555555554
396706.0,A,9,10790.0,54,199.8148148148148
398507.0,B,6,20609.5,11,1873.590909090909
398507.0,A,6,2060.5,6,343.4166666666667
398507.0,A,0,30748.5,1,30748.5
398507.0,B,0,37303.0,3,12434.333333333334
398507.0,B,3,20342.0,11,1849.2727272727273
398507.0,A,3,13698.5,95,144.19473684210527
398507.0,B,9,4220.5,8,527.5625
398507.0,A,9,9175.5,61,150.41803278688525
400308.0,B,6,21264.5,15,1417.6333333333334
400308.0,A,6,807.0,2,403.5
400308.0,A,0,31307.5,1,31307.5
400308.0,B,0,38718.0,1,38718.0
400308.0,B,3,18780.5,11,1707.3181818181818
400308.0,A,3,13576.0,91,149.1868131868132
400308.0,B,9,4885.0,9,542.7777777777778
400308.0,A,9,11418.5,63,181.24603174603175
402110.0,B,6,19449.0,16,1215.5625
402110.0,A,6,893.0,2,446.5
402110.0,A,0,31985.0,1,31985.0
402110.0,B,0,38897.0,1,38897.0
402110.0,B,3,19542.0,11,1776.5454545454545
402110.0,A,3,13304.5,95,140.04736842105262
402110.0,B,9,6199.5,9,688.8333333333334
402110.0,A,9,11454.0,56,204.53571428571428
403911.0,B,6,20723.5,15,1381.5666666666666
403911.0,A,6,3349.0,8,418.625
403911.0,A,0,29956.0,1,29956.0
403911.0,B,0,39519.0,3,13173.0
403911.0,B,3,21801.0,8,2725.125
403911.0,A,3,14271.5,91,156.82967032967034
403911.0,B,9,5888.5,10,588.85
403911.0,A,9,3692.0,9,410.22222222222223
405713.0,B,6,21435.0,14,1531.0714285714287
405713.0,A,6,2606.0,5,521.2
405713.0,A,0,30530.5,1,30530.5
405713.0,B,0,39998.0,1,39998.0
405713.0,B,3,20701.0,10,2070.1
405713.0,A,3,13820.5,86,160.70348837209303
405713.0,B,9,7123.0,10,712.3
405713.0,A,9,3968.5,12,330.7083333333333
407514.0,B,6,22808.5,12,1900.7083333333333
407514.0,A,6,1895.5,5,379.1
407514.0,A,0,31320.5,1,31320.5
407514.0,B,0,39068.0,1,39068.0
407514.0,B,3,21132.0,9,2348.0
407514.0,A,3,13156.0,84,156.61904761904762
407514.0,B,9,5222.0,10,522.2
407514.0,A,9,3301.5,6,550.25
409315.0,B,6,22615.5,16,1413.46875
409315.0,A,6,3585.5,7,512.2142857142857
409315.0,A,0,30433.0,1,30433.0
409315.0,B,0,39922.5,2,19961.25
409315.0,B,3,21371.5,10,2137.15
409315.0,A,3,13910.0,95,146.42105263157896
409315.0,B,9,6666.5,8,833.3125
409315.0,A,9,4022.5,9,446.94444444444446
411117.0,B,6,21237.5,14,1516.9642857142858
411117.0,A,6,3446.5,6,574.4166666666666
411117.0,A,0,31081.5,1,31081.5
411117.0,B,0,40699.0,2,20349.5
411117.0,B,3,21779.0,16,1361.1875
411117.0,A,3,13797.5,98,140.7908163265306
411117.0,B,9,8451.5,9,939.0555555555555
411117.0,A,9,3876.0,10,387.6
412918.0,B,6,21689.0,11,1971.7272727272727
412918.0,A,6,3891.0,7,555.8571428571429
412918.0,A,0,31060.0,1,31060.0
412918.0,B,0,40716.5,1,40716.5
412918.0,B,3,21535.0,15,1435.6666666666667
412918.0,A,3,14063.5,96,146.49479166666666
412918.0,B,9,8362.5,7,1194.642857142857
412918.0,A,9,4214.5,12,351.2083333333333
414719.0,B,6,23639.0,12,1969.9166666666667
414719.0,A,6,3448.0,8,431.0
414719.0,A,0,31353.0,1,31353.0
414719.0,B,0,39566.0,2,19783.0
414719.0,B,3,22198.5,8,2774.8125
414719.0,A,3,13585.5,85,159.8294117647059
414719.0,B,9,5568.0,11,506.1818181818182
414719.0,A,9,4110.0,9,456.6666666666667
416521.0,B,6,23975.5,11,2179.590909090909
416521.0,A,6,3158.5,6,526.4166666666666
416521.0,A,0,30997.5,1,30997.5
416521.0,B,0,39976.0,3,13325.333333333334
416521.0,B,3,22532.5,12,1877.7083333333333
416521.0,A,3,13815.0,91,151.8131868131868
416521.0,B,9,5887.0,11,535.1818181818181
416521.0,A,9,4181.5,9,464.6111111111111
418322.0,B,6,25513.5,10,2551.35
418322.0,A,6,1451.0,4,362.75
418322.0,A,0,32476.0,1,32476.0
418322.0,B,0,39868.0,1,39868.0
418322.0,B,3,21699.0,13,1669.1538461538462
418322.0,A,3,13822.5,96,143.984375
418322.0,B,9,6178.5,10,617.85
418322.0,A,9,4413.0,10,441.3
420123.0,B,6,23381.5,15,1558.7666666666667
420123.0,A,6,3503.5,6,583.9166666666666
420123.0,A,0,31136.0,1,31136.0
420123.0,B,0,40934.0,3,13644.666666666666
420123.0,B,3,23548.5,7,3364.0714285714284
420123.0,A,3,12461.5,85,146.60588235294117
420123.0,B,9,7764.0,10,776.4
420123.0,A,9,5173.5,12,431.125
421924.0,B,6,23902.5,11,2172.9545454545455
421924.0,A,6,4417.0,9,490.77777777777777
421924.0,A,0,30941.5,1,30941.5
421924.0,B,0,41397.5,2,20698.75
421924.0,B,3,23860.5,10,2386.05
421924.0,A,3,13755.5,92,149.5163043478261
421924.0,B,9,7732.0,11,702.9090909090909
421924.0,A,9,5831.0,15,388.73333333333335
423726.0,B,6,24559.5,13,1889.1923076923076
423726.0,A,6,4034.5,7,576.3571428571429
423726.0,A,0,30951.5,1,30951.5
423726.0,B,0,41300.0,2,20650.0
423726.0,B,3,23565.5,9,2618.3888888888887
423726.0,A,3,13249.0,86,154.0581395348837
423726.0,B,9,7294.5,8,911.8125
423726.0,A,9,5610.0,14,400.7142857142857
425527.0,B,6,23970.0,12,1997.5
425527.0,A,6,4071.0,7,581.5714285714286
425527.0,A,0,31049.5,1,31049.5
425527.0,B,0,41427.5,1,41427.5
425527.0,B,3,23259.0,8,2907.375
425527.0,A,3,13157.5,97,135.6443298969072
425527.0,B,9,9489.5,10,948.95
425527.0,A,9,4964.0,12,413.6666666666667
427329.0,B,6,28440.5,11,2585.5
427329.0,A,6,3299.5,9,366.6111111111111
427329.0,A,0,33079.5,1,33079.5
427329.0,B,0,40189.5,2,20094.75
427329.0,B,3,22765.0,10,2276.5
427329.0,A,3,13786.0,92,149.84782608695653
427329.0,B,9,6949.5,11,631.7727272727273
427329.0,A,9,4944.5,10,494.45
429130.0,B,6,24716.0,13,1901.2307692307693
429130.0,A,6,2442.0,6,407.0
429130.0,A,0,32873.5,1,32873.5
429130.0,B,0,40178.0,1,40178.0
429130.0,B,3,22729.5,11,2066.318181818182
429130.0,A,3,13677.0,84,162.82142857142858
429130.0,B,9,7142.0,10,714.2
429130.0,A,9,5269.5,11,479.04545454545456
430932.0,B,6,26463.5,13,2035.6538461538462
430932.0,A,6,3884.5,7,554.9285714285714
430932.0,A,0,32043.0,1,32043.0
430932.0,B,0,39997.5,4,9999.375
430932.0,B,3,23795.0,10,2379.5
430932.0,A,3,13205.5,93,141.99462365591398
430932.0,B,9,7213.5,12,601.125
430932.0,A,9,5469.0,13,420.6923076923077
432733.0,B,6,25634.5,14,1831.0357142857142
432733.0,A,6,4871.0,8,608.875
432733.0,A,0,31408.0,1,31408.0
432733.0,B,0,41064.0,2,20532.0
432733.0,B,3,25082.0,10,2508.2
432733.0,A,3,13400.5,85,157.6529411764706
432733.0,B,9,8447.5,8,1055.9375
432733.0,A,9,6382.5,15,425.5
434534.0,B,6,25009.5,14,1786.392857142857
434534.0,A,6,3107.5,5,621.5
434534.0,A,0,32915.0,1,32915.0
434534.0,B,0,40494.5,2,20247.25
434534.0,B,3,24469.5,17,1439.3823529411766
434534.0,A,3,14355.5,88,163.1306818181818
434534.0,B,9,10061.5,9,1117.9444444444443
434534.0,A,9,5527.0,13,425.15384615384613
436336.0,B,6,26709.5,11,2428.1363636363635
436336.0,A,6,4705.5,9,522.8333333333334
436336.0,A,0,32065.0,1,32065.0
436336.0,B,0,40781.5,1,40781.5
436336.0,B,3,25214.0,9,2801.5555555555557
436336.0,A,3,14294.0,80,178.675
436336.0,B,9,7511.5,13,577.8076923076923
436336.0,A,9,6041.0,15,402.73333333333335
438137.0,B,6,26707.0,14,1907.642857142857
438137.0,A,6,3670.0,6,611.6666666666666
438137.0,A,0,31847.0,1,31847.0
438137.0,B,0,41390.0,3,13796.666666666666
438137.0,B,3,24377.5,10,2437.75
438137.0,A,3,13909.5,88,158.0625
438137.0,B,9,7565.0,13,581.9230769230769
438137.0,A,9,6603.0,14,471.64285714285717
439938.0,B,6,24958.0,12,2079.8333333333335
439938.0,A,6,3334.5,5,666.9
439938.0,A,0,30625.5,1,30625.5
439938.0,B,0,39745.5,3,13248.5
439938.0,B,3,23467.0,10,2346.7
439938.0,A,3,14049.0,89,157.85393258426967
439938.0,B,9,6619.0,13,509.15384615384613
439938.0,A,9,6746.5,16,421.65625
441740.0,B,6,25029.0,12,2085.75
441740.0,A,6,4775.0,8,596.875
441740.0,A,0,32023.0,1,32023.0
441740.0,B,0,42294.0,2,21147.0
441740.0,B,3,25475.0,13,1959.6153846153845
441740.0,A,3,13640.0,86,158.6046511627907
441740.0,B,9,10401.0,9,1155.6666666666667
441740.0,A,9,6877.0,16,429.8125
443541.0,B,6,26815.0,10,2681.5
443541.0,A,6,4171.0,8,521.375
443541.0,A,0,32197.0,1,32197.0
443541.0,B,0,41518.5,3,13839.5
443541.0,B,3,25270.0,9,2807.777777777778
443541.0,A,3,13102.0,86,152.34883720930233
443541.0,B,9,7316.0,12,609.6666666666666
443541.0,A,9,6796.0,16,424.75
445342.0,B,6,24590.0,14,1756.4285714285713
445342.0,A,6,2959.5,4,739.875
445342.0,A,0,32800.0,1,32800.0
445342.0,B,0,42030.5,2,21015.25
445342.0,B,3,25740.0,16,1608.75
445342.0,A,3,13848.0,94,147.31914893617022
445342.0,B,9,9621.5,9,1069.0555555555557
445342.0,A,9,7023.0,15,468.2
447144.0,B,6,28307.5,13,2177.5
447144.0,A,6,1988.0,6,331.3333333333333
447144.0,A,0,32806.5,1,32806.5
447144.0,B,0,39816.0,1,39816.0
447144.0,B,3,21453.0,13,1650.2307692307693
447144.0,A,3,13588.0,88,154.4090909090909
447144.0,B,9,5892.5,8,736.5625
447144.0,A,9,6004.5,12,500.375
448945.0,B,6,18523.0,15,1234.8666666666666
448945.0,A,6,2030.5,4,507.625
448945.0,A,0,27760.5,1,27760.5
448945.0,B,0,37589.5,2,18794.75
448945.0,B,3,17148.0,15,1143.2
448945.0,A,3,12538.0,85,147.50588235294117
448945.0,B,9,6559.5,9,728.8333333333334
448945.0,A,9,6366.5,13,489.7307692307692
450746.0,B,6,20171.0,13,1551.6153846153845
450746.0,A,6,3001.5,4,750.375
450746.0,A,0,27255.0,1,27255.0
450746.0,B,0,37926.5,1,37926.5
450746.0,B,3,17444.5,14,1246.0357142857142
450746.0,A,3,9477.0,77,123.07792207792208
450746.0,B,9,6694.5,10,669.45
450746.0,A,9,6611.0,16,413.1875
452548.0,B,6,17087.5,12,1423.9583333333333
452548.0,A,6,1274.0,4,318.5
452548.0,A,0,25796.0,2,12898.0
452548.0,B,0,34382.5,1,34382.5
452548.0,B,3,11309.5,15,753.9666666666667
452548.0,A,3,12167.0,77,158.01298701298703
452548.0,B,9,4526.5,9,502.94444444444446
452548.0,A,9,5897.0,12,491.4166666666667
454349.0,B,6,16399.0,11,1490.8181818181818
454349.0,A,6,1199.5,3,399.8333333333333
454349.0,A,0,23039.0,4,5759.75
454349.0,B,0,32080.5,2,16040.25
454349.0,B,3,7220.5,10,722.05
454349.0,A,3,11597.0,80,144.9625
454349.0,B,9,3035.5,5,607.1
454349.0,A,9,5412.0,11,492.0
456151.0,B,6,14268.0,16,891.75
456151.0,A,6,2766.0,4,691.5
456151.0,A,0,19970.0,4,4992.5
456151.0,B,0,30005.0,2,15002.5
456151.0,B,3,5102.5,9,566.9444444444445
456151.0,A,3,8476.0,78,108.66666666666667
456151.0,B,9,2235.0,5,447.0
456151.0,A,9,6158.5,15,410.56666666666666
457952.0,B,6,9995.0,13,768.8461538461538
457952.0,A,6,637.5,2,318.75
457952.0,A,0,15637.5,5,3127.5
457952.0,B,0,27098.5,4,6774.625
457952.0,B,3,2092.5,3,697.5
457952.0,A,3,7468.0,63,118.53968253968254
457952.0,B,9,2664.0,4,666.0
457952.0,A,9,4727.5,10,472.75
459753.0,B,6,17174.0,12,1431.1666666666667
459753.0,A,6,3802.0,7,543.1428571428571
459753.0,A,0,23071.0,2,11535.5
459753.0,B,0,29877.0,5,5975.4
459753.0,B,3,6515.0,14,465.35714285714283
459753.0,A,3,8972.0,78,115.02564102564102
459753.0,B,9,2838.0,8,354.75
459753.0,A,9,6352.0,14,453.7142857142857
461555.0,B,6,22675.0,15,1511.6666666666667
461555.0,A,6,4471.0,6,745.1666666666666
461555.0,A,0,28874.0,1,28874.0
461555.0,B,0,35402.5,2,17701.25
461555.0,B,3,10448.0,13,803.6923076923077
461555.0,A,3,12771.0,85,150.24705882352941
461555.0,B,9,6514.0,11,592.1818181818181
461555.0,A,9,7984.0,17,469.6470588235294
463356.0,B,6,29608.0,12,2467.3333333333335
463356.0,A,6,3142.5,8,392.8125
463356.0,A,0,30855.5,1,30855.5
463356.0,B,0,36230.5,1,36230.5
463356.0,B,3,12692.0,13,976.3076923076923
463356.0,A,3,13837.0,90,153.74444444444444
463356.0,B,9,6455.0,11,586.8181818181819
463356.0,A,9,6842.0,13,526.3076923076923
465157.0,B,6,27381.5,11,2489.2272727272725
465157.0,A,6,6154.0,10,615.4
465157.0,A,0,31650.5,1,31650.5
465157.0,B,0,40270.5,3,13423.5
465157.0,B,3,21636.0,10,2163.6
465157.0,A,3,13954.5,89,156.7921348314607
465157.0,B,9,10637.5,11,967.0454545454545
465157.0,A,9,8426.5,16,526.65625
466958.0,B,6,29452.0,13,2265.5384615384614
466958.0,A,6,5970.5,12,497.5416666666667
466958.0,A,0,32612.0,1,32612.0
466958.0,B,0,47795.5,2,23897.75
466958.0,B,3,25990.0,9,2887.777777777778
466958.0,A,3,13906.0,90,154.51111111111112
466958.0,B,9,9032.0,14,645.1428571428571
466958.0,A,9,8288.5,17,487.55882352941177
468760.0,B,6,28244.5,12,2353.7083333333335
468760.0,A,6,5574.0,8,696.75
468760.0,A,0,32402.5,1,32402.5
468760.0,B,0,42083.5,1,42083.5
468760.0,B,3,27641.0,16,1727.5625
468760.0,A,3,14334.5,85,168.64117647058825
468760.0,B,9,11223.5,9,1247.0555555555557
468760.0,A,9,9201.0,20,460.05
470561.0,B,6,27772.0,11,2524.7272727272725
470561.0,A,6,5667.0,7,809.5714285714286
470561.0,A,0,32785.5,1,32785.5
470561.0,B,0,44270.5,2,22135.25
470561.0,B,3,28030.0,18,1557.2222222222222
470561.0,A,3,13459.0,94,143.18085106382978
470561.0,B,9,11141.0,9,1237.888888888889
470561.0,A,9,8810.5,18,489.47222222222223
472362.0,B,6,27672.5,11,2515.681818181818
472362.0,A,6,6088.0,8,761.0
472362.0,A,0,32468.0,1,32468.0
472362.0,B,0,43084.0,2,21542.0
472362.0,B,3,28301.5,15,1886.7666666666667
472362.0,A,3,14021.0,94,149.1595744680851
472362.0,B,9,11660.5,9,1295.611111111111
472362.0,A,9,9349.0,19,492.05263157894734
474164.0,B,6,33924.5,10,3392.45
474164.0,A,6,5489.0,11,499.0
474164.0,A,0,32971.0,1,32971.0
474164.0,B,0,41625.0,3,13875.0
474164.0,B,3,28010.0,10,2801.0
474164.0,A,3,13429.5,96,139.890625
474164.0,B,9,8884.5,13,683.4230769230769
474164.0,A,9,8370.5,17,492.38235294117646
475965.0,B,6,28266.5,12,2355.5416666666665
475965.0,A,6,6094.0,7,870.5714285714286
475965.0,A,0,32738.0,1,32738.0
475965.0,B,0,43713.0,1,43713.0
475965.0,B,3,28465.5,15,1897.7
475965.0,A,3,14251.0,97,146.91752577319588
475965.0,B,9,12042.0,11,1094.7272727272727
475965.0,A,9,9185.5,18,510.30555555555554
477767.0,B,6,29368.0,11,2669.818181818182
477767.0,A,6,5951.5,7,850.2142857142857
477767.0,A,0,32477.5,1,32477.5
477767.0,B,0,42728.5,2,21364.25
477767.0,B,3,29130.5,14,2080.75
477767.0,A,3,15018.0,88,170.6590909090909
477767.0,B,9,11485.0,11,1044.090909090909
477767.0,A,9,10056.0,20,502.8
479569.0,B,6,29295.0,13,2253.4615384615386
479569.0,A,6,6922.0,10,692.2
479569.0,A,0,32550.5,1,32550.5
479569.0,B,0,44069.5,4,11017.375
479569.0,B,3,28840.0,14,2060.0
479569.0,A,3,13720.0,92,149.1304347826087
479569.0,B,9,11491.5,11,1044.6818181818182
479569.0,A,9,9371.0,18,520.6111111111111
481370.0,B,6,29016.5,13,2232.0384615384614
481370.0,A,6,6488.5,8,811.0625
481370.0,A,0,32678.5,1,32678.5
481370.0,B,0,43182.0,1,43182.0
481370.0,B,3,28651.0,15,1910.0666666666666
481370.0,A,3,15350.0,97,158.24742268041237
481370.0,B,9,12300.5,8,1537.5625
481370.0,A,9,10270.0,20,513.5
483171.0,B,6,30871.5,8,3858.9375
483171.0,A,6,4398.0,7,628.2857142857143
483171.0,A,0,35026.0,1,35026.0
483171.0,B,0,42705.5,1,42705.5
483171.0,B,3,28759.0,13,2212.230769230769
483171.0,A,3,13972.5,93,150.24193548387098
483171.0,B,9,9602.0,13,738.6153846153846
483171.0,A,9,8496.0,17,499.7647058823529
484973.0,B,6,32817.0,10,3281.7
484973.0,A,6,4784.0,8,598.0
484973.0,A,0,34857.0,1,34857.0
484973.0,B,0,43240.5,1,43240.5
484973.0,B,3,28204.5,12,2350.375
484973.0,A,3,14250.0,101,141.0891089108911
484973.0,B,9,9844.5,11,894.9545454545455
484973.0,A,9,8527.0,16,532.9375
486774.0,B,6,30537.0,11,2776.090909090909
486774.0,A,6,7237.0,11,657.9090909090909
486774.0,A,0,32522.0,1,32522.0
486774.0,B,0,42955.5,3,14318.5
486774.0,B,3,29734.0,11,2703.090909090909
486774.0,A,3,14715.0,89,165.3370786516854
486774.0,B,9,11076.5,13,852.0384615384615
486774.0,A,9,9295.5,16,580.96875
488576.0,B,6,28470.0,10,2847.0
488576.0,A,6,5670.5,8,708.8125
488576.0,A,0,32621.5,1,32621.5
488576.0,B,0,42815.5,2,21407.75
488576.0,B,3,28335.0,21,1349.2857142857142
488576.0,A,3,14407.0,85,169.49411764705883
488576.0,B,9,12297.0,7,1756.7142857142858
488576.0,A,9,10679.0,22,485.40909090909093
490377.0,B,6,20358.0,14,1454.142857142857
490377.0,A,6,5134.0,9,570.4444444444445
490377.0,A,0,26028.5,2,13014.25
490377.0,B,0,37684.0,1,37684.0
490377.0,B,3,19514.0,15,1300.9333333333334
490377.0,A,3,9305.0,78,119.2948717948718
490377.0,B,9,8939.5,11,812.6818181818181
490377.0,A,9,8830.0,18,490.55555555555554
492180.0,B,6,22114.5,12,1842.875
492180.0,A,6,4125.0,7,589.2857142857143
492180.0,A,0,26762.5,2,13381.25
492180.0,B,0,34099.0,4,8524.75
492180.0,B,3,16902.0,13,1300.1538461538462
492180.0,A,3,11323.0,86,131.6627906976744
492180.0,B,9,6598.0,13,507.53846153846155
492180.0,A,9,8011.0,17,471.2352941176471
493981.0,B,6,35756.0,10,3575.6
493981.0,A,6,7929.5,11,720.8636363636364
493981.0,A,0,33145.5,1,33145.5
493981.0,B,0,41241.0,3,13747.0
493981.0,B,3,28316.0,11,2574.181818181818
493981.0,A,3,9923.0,87,114.05747126436782
493981.0,B,9,10161.5,14,725.8214285714286
493981.0,A,9,10514.5,21,500.6904761904762
495783.0,B,6,26516.5,12,2209.7083333333335
495783.0,A,6,7279.5,9,808.8333333333334
495783.0,A,0,31462.5,1,31462.5
495783.0,B,0,39444.5,2,19722.25
495783.0,B,3,25837.5,10,2583.75
495783.0,A,3,14031.0,96,146.15625
495783.0,B,9,9070.5,13,697.7307692307693
495783.0,A,9,9051.0,17,532.4117647058823
